sentence,paraphrased_sentence,option1,option2,answer,gpt_category,gpt_category_names,in_original_experiment
The home that my parents had when I was in school was a lot nicer than my house now because the _ was sophisticated.,The home that my parents had when I was in school was a lot nicer than my house now because of how sophisticated the _ was.,home,house,1,"2, 4","['social', 'temporal']",1
The home that my parents had when I was in school was a lot nicer than my house now because the _ is trashy.,The home that my parents had when I was in school was a lot nicer than my house now because of how trashy the _ is.,home,house,2,2,['social'],1
Lindsey like to read graphic novels but Natalie liked classic literature to read. _ bought the new Frank Miller comic at the book store.,Lindsey liked to read graphic novels but Natalie preferred classic literature. The new Frank Miller comic at the book store was bought by _.,Lindsey,Natalie,1,2,['social'],1
To make frosting I needed pudding that was at a store 15 minutes away but pre-made frosting was at a store 5 minutes away.  The _ was closer.,"To make frosting I needed pudding that was at a store 15 minutes away but pre-made frosting was at a store 5 minutes away, making the closer option the _.",pudding,frosting,2,"3, 4","['numerical', 'temporal']",1
"The students were at their desks taking tests with pencils, they used the _ to hold the papers.",The students were at their desks taking tests with pencils. The papers were held using the _.,desks,pencils,1,"1, 5","['physical', 'spatial']",1
Mary thought poodles were a cool dog but Rachel thought Great Danes were cooler. _ bought a small dog bed for their pet.,"Mary thought poodles were a cool dog but Rachel thought Great Danes were cooler. For their pet, a small dog bed was bought by _.",Mary,Rachel,1,"1, 3","['numerical', 'physical']",1
I wanted to build a bathroom on the third floor of the house but I couldn't because the _ would be too full.,"I wanted to build a bathroom on the third floor of the house, but I couldn't because that would overfill the _.",bathroom,floor,2,"1, 5","['physical', 'spatial']",0
Joel researched laws and helped to open a preschool for Eric. Because _ is very good with kids.,Joel researched laws and helped to open a preschool for Eric because of how good with kids _ is.,Joel,Eric,2,2,['social'],1
"Angela thinks her husband might be cheating with Lindsey, and _ confesses at the dinner party.",Angela thinks her husband might be cheating with Lindsey. The person who confesses at the dinner party is _.,Angela,Lindsey,2,2,['social'],1
Jill was on a budget so she only bought a new dress for the ceremony and wore an old hat. She figured the _ would be more noticeable.,"Jill was on a budget so she only bought a new dress for the ceremony and wore an old hat, figuring that the less noticeable item would be the _.",dress,hat,1,"1, 2","['physical', 'social']",1
Judy bought new brushes to paint the etched glasses crack but it didn't fit. The _ was too wide.,"Judy bought new brushes to paint the etched glasses crack but it didn't fit because of the part that was too wide, being the _.",brush,crack,1,"1, 5","['physical', 'spatial']",1
Judy bought new brushes to paint the etched glasses crack but it didn't fit. The _ was too narrow.,"Judy bought new brushes to paint the etched glasses crack but it didn't fit because of the part that was too narrow, being the _.",brush,crack,2,"1, 5","['physical', 'spatial']",1
"Randy gave their heart to Brian, and _ soon told them that they should have kept their heart to themselves.","Randy gave their heart to Brian, and soon the one to tell them that they should have kept their heart to themselves was _.",Randy,Brian,2,2,['social'],0
"Mary wanted to get another piercing in her ear, but the _ was much too tiny.","Mary wanted to get another piercing in her ear, but it was much too tiny, the _.",ear,piercing,1,1,['physical'],1
"Mary wanted to get another piercing in her ear, but the _ was much too huge.","Mary wanted to get another piercing in her ear, but it was much too huge, the _.",ear,piercing,2,1,['physical'],1
The teen found the new hat was no substitute for his cool shirt.  The _ was just cool to wear to school.,"The teen found the new hat was no substitute for his cool shirt. It was just cool to wear to school, the _.",hat,shirt,2,2,['social'],1
Mary was helping Patricia's daughter put on makeup but  _ watches a lot of makeup tutorials.,"Mary was helping Patricia's daughter put on makeup, but the one who watches a lot of makeup tutorials is _.",Mary,Patricia,2,2,['social'],1
Mary was helping Patricia's daughter put on makeup because _ watches a lot of makeup tutorials.,"Mary was helping Patricia's daughter put on makeup, because the one who watches a lot of makeup tutorials is _.",Mary,Patricia,1,2,['social'],1
"He wanted to kill time at the house instead of the playground, because everyone at the _ was fun.","He wanted to kill time at the house instead of the playground, because everyone was fun at the _.",playground,house,2,2,['social'],1
"God liked to control the day and the night, but the _ was too bright.","God liked to control the day and the night, but it was too bright during the _.",day,night,1,"1, 4","['physical', 'temporal']",1
"Amy thought she was the mirror image of Natalie , but _ could not be convinced to see the similarity.","Amy thought she was the mirror image of Natalie, but the one who could not be convinced to see the similarity was _.",Amy,Natalie,2,2,['social'],0
"Amy thought she was the mirror image of Natalie , but _ could not persuade her to see the similarity.","Amy thought she was the mirror image of Natalie, but the person who could not persuade her to see the similarity was _.",Amy,Natalie,1,2,['social'],0
I helped my sister find her gold necklace. She couldn't wear her woven necklace to the ball because the _ was so casual.,"I helped my sister find her gold necklace. She couldn't wear her woven necklace to the ball, as it was so casual, the _.",woven necklace,ball,1,2,['social'],1
The sheet recovered can easily be hiding between the space in the door. The _ is thin.,The sheet recovered can easily be hiding between the space in the door because of how thin the _ is.,sheet,space,1,1,['physical'],1
The sheet recovered can easily be hiding between the space in the door. The _ is wide.,"Between the space in the door, the sheet recovered can easily be hiding because of how wide the _ is.",sheet,space,2,"1, 5","['physical', 'spatial']",1
Steven believes they can buy happiness but Craig thinks otherwise as _ is very realistic.,"Steven believes they can buy happiness but Craig thinks otherwise, as the very realistic one is _.",Steven,Craig,2,2,['social'],1
Steven believes they can buy happiness but Craig thinks otherwise as _ is very materialistic.,"Steven believes they can buy happiness but Craig thinks otherwise, as the one who is very materialistic is _.",Steven,Craig,1,2,['social'],1
Throughout the practice Rachel pushed the limits of Megan to get ready for the game because _ was the coach.,"Throughout the practice, Rachel pushed the limits of Megan to get ready for the game because the coach was _.",Rachel,Megan,1,2,['social'],1
"Brett was browsing the internet while he found the information unlike Randy, _ prefers using books.",Brett was browsing the internet while he found the information unlike Randy. The one who prefers using books is _.,Brett,Randy,2,2,['social'],1
Dennis knows that Jeffrey is an animal lover and _ knows he wants to go to the zoo to see them.,"Dennis knows that Jeffrey is an animal lover and he wants to go to the zoo to see them, which is known by _.",Dennis,Jeffrey,1,2,['social'],0
"I picked up some leaves to put in the books and dry, but they didn't fit because the _ were too small.","I picked up some leaves to put in the books and dry, but they didn't fit because of the small size of the _.",leaves,books,2,5,['spatial'],1
"I picked up some leaves to put in the books and dry, but they didn't fit because the _ were too massive.","I picked up some leaves to put in the books and dry, but they didn't fit because of the massive size of the _.",leaves,books,1,"1, 3, 2005","['numerical', 'physical', 'spatial']",1
The president had their speech at the auditorium rather than the park because the _ was bigger.,The president had their speech at the auditorium rather than the park because the bigger venue was the _.,auditorium,park,1,"3, 5","['numerical', 'spatial']",1
"When Steven found that their T-shirt had shrunk in the laundry, Robert's first reaction was to laugh, and _ then became angry.","When Steven found that their T-shirt had shrunk in the laundry, Robert's first reaction was to laugh. The one who then became angry was  _.",Steven,Robert,1,2,['social'],1
Rebecca thought Disney movies were the best thing to watch but Samantha like horror movies better. _ rented Saw from Redbox.,"Rebecca thought Disney movies were the best thing to watch but Samantha liked horror movies better, so from Redbox, Saw was rented by _.",Rebecca,Samantha,2,2,['social'],1
"Laura brought extensions to Monica at the salon, so that _ could treat their dreads professionally.","Laura brought extensions to Monica at the salon, so that professional treatment could be given to their dreads by _.",Laura,Monica,2,2,['social'],1
Samuel tried unsuccessfully to get Brett to skip school because _ was a truant that didn't follow the rules.,Samuel tried unsuccessfully to get Brett to skip school because the truant that didn't follow the rules was _.,Samuel,Brett,1,2,['social'],0
"The IRS sent Tim a letter informing him of the audit, which could occure at the house or the office.  Tim chose a comfortable setting of the _ .","The IRS sent Tim a letter informing him of the audit, which could occure at the house or the office.  Tim chose a comfortable setting of the _ .",office,house,2,"2, 5","['social', 'spatial']",1
My gun was inspected with a cloth to make sure it worked fine. The _ was soft.,My gun was inspected with a cloth to make sure it worked fine. The soft item was the _.,cloth,gun,1,1,['physical'],1
"The temperature in winter is much different than summer,  the _  is always lower.","The temperature in winter is much different than summer, with the lower season always being _.",summer,winter,2,"1, 4","['physical', 'temporal']",1
Rachel told Patricia to pick up some baby powder at the store but _ had sweaty feet too.,"Rachel told Patricia to pick up some baby powder at the store, but the one that also had sweaty feet was _.",Rachel,Patricia,2,2,['social'],1
I did not buy the color pink rose flowers  for my wedding because the _ is too bright.,"I did not buy the color pink rose flowers for my wedding because it is too bright, that _.",color,wedding,1,1,['physical'],1
"At the beach, Emily collected some seashells for her mother Maria. _ polished the seashells before giving them away.","At the beach, Emily collected some seashells for her mother Maria. Before giving them away, the seashells were polished by _.",Emily,Maria,1,2,['social'],1
"Victoria was eager to make the big sale to Sarah , as _ had the money that day.","Victoria was eager to make the big sale to Sarah, as the one who had the money that day was _.",Victoria,Sarah,2,2,['social'],1
"Robert took voice lessons from Randy, because _ was known to be on American Idol.",Robert took voice lessons from Randy because of the known appearance on American Idol of _.,Robert,Randy,2,2,['social'],1
Whilst on the beach Cynthia loved to wear a bikini but Laura did not because _ had a flat stomach.,"Whilst on the beach, Cynthia loved to wear a bikini but Laura did not, because of the flat stomach of _.",Cynthia,Laura,1,"1, 2","['physical', 'social']",1
"In high school Matthew was most popular among the teachers as were Steven was among the students, _ was liked by adolescents.","In high school, Matthew was most popular among the teachers, Steven was most popular among the students. The one liked by adolescents was _.",Matthew,Steven,2,2,['social'],1
Lawrence liked watching foreign movies with subtitles unlike Jason because _ criticized the original language of the film.,Lawrence liked watching foreign movies with subtitles unlike Jason because the original language of the film was criticized by _.,Lawrence,Jason,2,2,['social'],1
Lawrence liked watching foreign movies with subtitles unlike Jason because _ appreciated the original language of the film.,Lawrence liked watching foreign movies with subtitles unlike Jason because the original language of the film was appreciated by _.,Lawrence,Jason,1,2,['social'],1
"Victoria was still grieving the death of a friend more than Elena, because _ had a very close relationship with the friend.","Victoria was still grieving the death of a friend more than Elena, because the one who had a very close relationship with the friend was _.",Victoria,Elena,1,2,['social'],1
"Samantha strictly followed their diet while Sarah ate what they felt like, and _ ate chicken and broccoli all week.","Samantha strictly followed their diet while Sarah ate what they felt like, and all week, it was chicken and broccoli that _ ate.",Samantha,Sarah,1,2,['social'],1
It seemed more likely that Brett would wear a fedora rather than Justin because _ was known to dress stylishly.,It seemed more likely that Brett would wear a fedora rather than Justin because the one known to dress stylishly was _.,Brett,Justin,1,2,['social'],1
It seemed more likely that Brett would wear a fedora rather than Justin because _ did not often dress stylishly.,It seemed more likely that Brett would wear a fedora rather than Justin because the one who did not often dress stylishly was _.,Brett,Justin,2,2,['social'],1
My face was more familiar than it was at the bar than the gym because I went to the _ very rarely.,My face was more familiar at the bar than it was at the gym because I went very rarely to the _.,bar,gym,2,"3, 4","['numerical', 'temporal']",1
Emily said that Victoria's hijab was silly and old fashioned. _ heard some very offensive things.,Emily said that Victoria's hijab was silly and old fashioned. Some very offensive things were heard by _.,Emily,Victoria,2,2,['social'],1
Emily said that Victoria's hijab was silly and old fashioned. _ said some very offensive things.,Emily said that Victoria's hijab was silly and old fashioned. Some very offensive things were said by _.,Emily,Victoria,1,2,['social'],1
Ian needed to adjust the mirror and Craig did not because _ was shorter than the owner of the car.,Ian needed to adjust the mirror and Craig did not because the owner of the car was taller than _.,Ian,Craig,1,"3, 5","['numerical', 'spatial']",1
I was told my eyes are failing so I need to get glasses or contacts. I don't think I'll get the contacts since the _ seem less comfortable.,I was told my eyes are failing so I need to get glasses or contacts. I don't think I'll get the contacts since the ones that seem less comfortable are the _.,glasses,contacts,2,1,['physical'],1
The teenager got a job at the supermarket instead of at the diner because he had to work during school at the _ .,The teenager got a job at the supermarket instead of at the diner because he had to work during school at the _ .,supermarket,diner,2,"4, 5","['spatial', 'temporal']",1
I always wonder how people prefer reading in a library instead of at the house because the lack of people at the _ would make it easier to concentrate.,I always wonder how people prefer reading in a library instead of at the house because it would be easier to concentrate with the lack of people at the _.,library,house,2,"2, 5","['social', 'spatial']",1
I always wonder how people prefer reading in a library instead of at the house because the amount of people at the _ would make it hard to concentrate.,I always wonder how people prefer reading in a library instead of at the house because it would be hard to concentrate with the amount of people at the _.,library,house,1,"2, 3, 2005","['numerical', 'social', 'spatial']",1
The juice from the mango fruit could not fill up the cup because the _ is small.,The juice from the mango fruit could not fill up the cup because of how small the _ is.,mango,cup,1,"1, 3, 2005","['numerical', 'physical', 'spatial']",1
Bobby had to use his pen to finish the exam rather than the pencil because the _ was full of ink.,"Bobby had to use his pen to finish the exam rather than the pencil, since so much ink was in the _.",pen,pencil,1,1,['physical'],1
Erin showed Maria to use the fork and knife in a proper manner as _ attended etiquette school.,"Erin showed Maria to use the fork and knife in a proper manner, since the one who attended etiquette school was _.",Erin,Maria,1,2,['social'],1
Rebecca asked Kayla to turn the lights out but _ did not want to go to sleep.,"Rebecca asked Kayla to turn the lights out, but the one who did not want to go to sleep was _.",Rebecca,Kayla,2,2,['social'],1
Jason considers he and Benjamin to be friends so _ puts a lot of effort into their relationship.,"Jason considers he and Benjamin to be friends, so a lot of effort is put into their relationship by _.",Jason,Benjamin,1,2,['social'],1
Jason considers he and Benjamin to be friends even though _ puts little effort into their relationship.,Jason considers he and Benjamin to be friends even though little effort is put into their relationship by _.,Jason,Benjamin,2,2,['social'],1
"Matt wanted to change either the plain bathroom or the colorful bedroom, but the _ was already colorful.","Matt wanted to change either the plain bathroom or the colorful bedroom, but the one that was already colorful, was the _.",bedroom,bathroom,1,1,['physical'],1
"Matt wanted to change either the plain bathroom or the colorful bedroom, but the _ was already plain.","Matt wanted to change either the plain bathroom or the colorful bedroom, but the one that was already plain, was the _.",bedroom,bathroom,2,1,['physical'],1
The snow came down so much that Michael had to go plow Kevins driveway because _ agreed to take care of his neighbors.,The snow came down so much that Michael had to go plow Kevin's driveway because there was an agreement to take care of his driveway between his neighbors and _.,Michael,Kevin,1,2,['social'],1
The girl used the comb to try and brush her hair but the _ was too soft.,"The girl used the comb to brush her hair, though being too soft was still a problem for the _.",hair,comb,2,1,['physical'],1
Sarah rolls her eyes as Monica extolls the virtues of vinegar as a cleaning solution for everything since _ is bored.,"Sarah rolls her eyes as Monica extolls the virtues of vinegar as a cleaning solution for everything, since the one who is bored is _.",Sarah,Monica,1,2,['social'],1
Nelson always had the best friendships except with Neil since _ was always so polite.,Nelson always had the best friendships except with Neil because of the politeness of _.,Nelson,Neil,1,2,['social'],1
"Derrick really liked working in Human Resources and William wanted to work at the same company, and _ subsequently accepted a position.","Derrick really liked working in Human Resources and William wanted to work at the same company, and the position was subsequently accepted by _.",Derrick,William,2,"2, 4","['social', 'temporal']",1
The room at the hotel cost more to stay in than the room at the inn because the _ was nicer.,The room at the hotel cost more to stay in than the room at the inn because it was nicer at the _.,hotel,inn,1,2,['social'],1
He found it harder to write the letter than the e-mail because the _ had so few words.,He found it harder to write the letter than the e-mail because of how few words the _ had.,letter,e-mail,2,"2, 3","['numerical', 'social']",1
Carrie loves putting sugar in coffee as opposed to Laura because _ thinks the coffee tastes better.,"Carrie loves putting sugar in coffee as opposed to Laura because the coffee tastes better, or so _ thinks.",Carrie,Laura,1,2,['social'],1
"Ben had to drain both water and oil down the sink, but the _ was too viscous.","Ben had to drain both water and oil down the sink, but the one that turned out to be too viscous was the _.",oil,water,1,1,['physical'],1
"Ben had to drain both water and oil down the sink, but the _ was too fluid.","Ben had to drain both water and oil down the sink, but the one that turned out to be too fluid was the _.",oil,water,2,1,['physical'],1
John painted the pole red close to the color of the wall and painted the frame white and now the _ is similar.,"John painted the pole red close to the color of the wall and painted the frame white, making the similar one now the _.",frame,pole,2,1,['physical'],1
"Ian's hair is being worked on by Craig, so it's more likely _ is the customer.","Ian's hair is being worked on by Craig, so it's more likely that the customer is _.",Ian,Craig,1,2,['social'],1
Christine was watching makeup tutorials while Amy was not because _ wanted to forget how to put blush on correctly.,"Christine was watching makeup tutorials, while Amy was not, because the desire to forget how to put blush on correctly belonged to _.",Christine,Amy,2,2,['social'],1
Erin has a teenager whereas Patricia has toddler-age children because _ became a mother later.,Erin has a teenager whereas Patricia has toddler-age children because becoming a mother happened later for _.,Erin,Patricia,2,"3, 4","['numerical', 'temporal']",1
"Neil was a very popular kid in school unlike Jeffrey, because _ was very extroverted.","Neil was a very popular kid in school unlike Jeffrey, because of how extroverted _ was.",Neil,Jeffrey,1,2,['social'],1
The game on television was very important for Ian but not Dennis because _ was into music instead.,"The game on television was very important for Ian but not Dennis, because the one into music instead was _.",Ian,Dennis,2,2,['social'],1
"At their high school's homecoming dance, Natalie stayed on the floor for the slow dance while Maria got food during it, because _ had broken up with her significant other.","At their high school's homecoming dance, Natalie stayed on the floor for the slow dance while Maria got food during it, because the one that had broken up with her significant other was _.",Natalie,Maria,2,2,['social'],1
"At their high school's homecoming dance, Natalie stayed on the floor for the slow dance while Maria got food during it, because _ currently had a significant other.","At their high school's homecoming dance, Natalie stayed on the floor for the slow dance while Maria got food during it, because the one that currently had a significant other was _.",Natalie,Maria,1,2,['social'],1
"Adam always spent all of the free time watching Tv unlike Hunter who volunteered, due to _ being lazy.","Adam always spent all of the free time watching tv unlike Hunter who volunteered, due to how lazy _ was.",Adam,Hunter,1,2,['social'],1
Samantha had to use the potty while Felicia used the restroom because _ is a grownup.,Samantha had to use the potty while Felicia used the restroom because the grownup here is _.,Samantha,Felicia,2,2,['social'],1
"Refraining from drinking was easy for Kyle but not Eric, as _ never enjoyed the taste of alcohol.","Refraining from drinking was easy for Kyle but not Eric, as the taste of alcohol was never enjoyed by _.",Kyle,Eric,1,2,['social'],1
"Kenneth is accused of destroying drywall in Jeffrey's house, _ is leasing out the house.","Kenneth is accused of destroying drywall in Jeffrey's house, which is being leased out by _.",Kenneth,Jeffrey,2,2,['social'],1
John decided to grow a new breed of plant in his garden but the _ is big.,"John decided to grow a new breed of plant in his garden, but it turns out it’s quite big, the _.",garden,plant,2,"1, 5","['physical', 'spatial']",1
Angela loved to wear sun glasses but Jessica didn't. _ bought a fancy new pair of shoes.,Angela loved to wear sun glasses but Jessica didn't. A fancy new pair of shoes was bought by _.,Angela,Jessica,2,2,['social'],1
Mary goes around telling everyone that Christine is too clingy because _ likes  to be touched..,Mary goes around telling everyone that Christine is too clingy because the one who likes to be touched is _.,Mary,Christine,2,2,['social'],1
James walked into a ditch while trying to catch the ball thrown at him. The _ is farther.,"James walked into a ditch while trying to catch the ball thrown at him, with the farther object being the _.",ditch,ball,2,5,['spatial'],1
"Christopher tried to empty all the water from the tank in the yard because Michael had asked him to, but _ wasn't able to get it all out.","Christopher tried to empty all the water from the tank in the yard because Michael had asked him to, but getting it all out wasn't possible for _.",Christopher,Michael,1,2,['social'],1
The watch could not fit on the arm properly because it had been cut by a blade. The _ was short.,The watch could not fit on the arm properly because it had been cut by a blade. The short item was the _.,Watch,Blade,1,"1, 5","['physical', 'spatial']",0
"At Jan's home, she dusted the dresser more frequently than the fan, because the _ was easier to reach.","At Jan's home, she dusted the dresser more frequently than the fan, because it was easier to reach the _.",fan,dresser,2,5,['spatial'],1
"At Jan's home, she dusted the dresser more frequently than the fan, because the _ was more difficult to reach.","At Jan's home, she dusted the dresser more frequently than the fan, because it was more difficult to reach the _.",fan,dresser,1,5,['spatial'],1
"Michael made pickled eggs for Kenneth, but _ really loved his own and wanted to share them.","Michael made pickled eggs for Kenneth, but the person who really loved his own and wanted to share them was _.",Michael,Kenneth,2,2,['social'],1
The dog ran into the bedroom during the rainstorm while we stayed in the kitchen because the rain was softer in the _ .,The dog ran into the bedroom during the rainstorm while we stayed in the kitchen because the rain was softer in the _ .,kitchen,bedroom,2,5,['spatial'],1
He was late for the party but on time for the sleepover because the _ had just finished.,"He was late for the party but on time for the sleepover because it had just finished, the _.",party,sleepover,1,4,['temporal'],1
"Emily bought a piece of jewelry from Natalie, later _ thought she sold too low but kept a cool attitude.","Emily bought a piece of jewelry from Natalie, and the one who later thought she sold too low but kept a cool attitude was _.",Emily,Natalie,2,2,['social'],1
"Robert was simply not as stoic as Joel , as _ tended to handle things gracefully.","Robert was simply not as stoic as Joel, as things tended to be handled gracefully by _.",Robert,Joel,2,2,['social'],1
"My employer offers a bonus of either a phone or a television, but unfortunately the _ is just way too large to be useful.","My employer offers a bonus of either a phone or a television, but unfortunately, the item that is just way too large to be useful is the _.",phone,television,1,"1, 3","['numerical', 'physical']",1
"My employer offers a bonus of either a phone or a television, but unfortunately the _ is just way too small to be useful.","My employer offers a bonus of either a phone or a television, but unfortunately, the one that is just way too small to be useful is the _.",phone,television,2,"1, 3","['numerical', 'physical']",1
"At the dance, Adam asked the girl to dance before Donald, so _ is angry with himself.","Because Adam asked the girl at the dance to dance before Donald, the one who is angry with himself is _.",Adam,Donald,2,"2, 4","['social', 'temporal']",1
The bagel shop was closer to Michael than Joel because _ lived in a different area of town.,The bagel shop was closer to Michael than Joel because it was a different area of town where the home of _ was.,Michael,Joel,2,5,['spatial'],1
Fiction books were interesting and easy to read for  Logan but not Brett because _ enjoyed real tales.,Fiction books were interesting and easy to read for Logan but not Brett because real tales were what _ enjoyed.,Logan,Brett,2,2,['social'],1
No one would have noticed the spot on that skin because the _ is small.,No one would have noticed the spot on that skin because of how small the _ is.,spot,skin,1,1,['physical'],1
I couldn't figure out what my costume would be for Halloween Peter Pan or Snow White. The _ costume I'd have to wear a dress.,I couldn't figure out what my costume would be for Halloween: Peter Pan or Snow White. I'd have to wear a dress if I chose the costume of _.,Peter Pan,Snow White,2,1,['physical'],1
I couldn't figure out what my costume would be for Halloween Peter Pan or Snow White. The _ costume I'd have to make myself a boy.,I couldn't figure out what my costume would be for Halloween: Peter Pan or Snow White. I'd have to make myself a boy if I chose the costume of _.,Peter Pan,Snow White,1,2,['social'],1
James passport was kept inside the purse. He never knew the _ is that small.,James kept his passport inside the purse. He never knew about the small size of the _.,passport,purse,1,"1, 5","['physical', 'spatial']",1
James passport was kept inside the purse. He never knew the _ is that big.,James kept his passport inside the purse. He never knew about the big size of the _.,passport,purse,2,"1, 5","['physical', 'spatial']",1
"Of the two owners, Jessica was far worse than Jennifer, because _ like to treat the dogs.","Of the two owners, Jessica was far worse than Jennifer because the one who liked to treat the dogs was _.",Jessica,Jennifer,2,2,['social'],1
Tom recently was approved for botox therapy.  He had a choice between near the office or near his house and went with his weekday convenience of the _ .,Tom recently was approved for botox therapy.  He had a choice between near the office or near his house and went with his weekday convenience of the _ .,office,house,1,5,['spatial'],1
"Christopher was getting ready to wash Joel's hair,so _  got out shampoo by the sink and sat in the chair.","Christopher was getting ready to wash Joel's hair, so the one who got out shampoo by the sink and sat in the chair was _.",Christopher,Joel,2,2,['social'],1
Laura asked Rachel if she could borrow some clothes because _ loved her fashion sense.,Laura asked Rachel if she could borrow some clothes because her fashion sense was so admired by _.,Laura,Rachel,1,2,['social'],1
"When you buy food for your cat, choose dry instead of wet as the crunchy texture of the _ is better for their teeth.","When you buy food for your cat, choose dry instead of wet as the crunchy texture, which is better for their teeth, is that of the _.",dry,wet,1,1,['physical'],1
"Erin knew the perfect gift for the wedding  shower, but Samantha had to do some research, because _  was slightly acquainted with the bride.","Erin knew the perfect gift for the wedding shower, but Samantha had to do some research, because the bride was slightly acquainted with _.",Erin,Samantha,2,2,['social'],1
The gothic lolita style suited Victoria better than Sarah because _ looked the worst in frilly dresses.,The gothic lolita style suited Victoria better than Sarah because frilly dresses looked the worst on _.,Victoria,Sarah,2,2,['social'],1
"Samantha couldn't see any alternatives, but Emily could, because _ wasn't nearly as open minded.","Samantha couldn't see any alternatives, but Emily could, because of how much less open-minded _ was.",Samantha,Emily,1,2,['social'],1
"My mom didn't fit the shape into the painting, because the _ was too awkward.",The reason my mom didn't fit the shape into the painting was the awkward _.,shape,painting,1,"1, 5","['physical', 'spatial']",1
The shirts were straighter than the pants because the _ were hanging on the hanger.,The shirts were straighter than the pants because the ones hanging on the hanger were the _.,shirt,pants,1,"1, 5","['physical', 'spatial']",1
The shirts were straighter than the pants although the _ were hanging on the hanger.,The shirts were straighter than the pants although the ones that were hanging on the hanger were the _.,shirt,pants,2,"1, 5","['physical', 'spatial']",1
"The man thought lifting the rock, not the log, would give him a hernia because the _ was lighter.","The man thought lifting the rock, not the log, would give him a hernia, because the lighter choice was the _.",rock,log,2,"1, 3","['numerical', 'physical']",1
"We were making orange jack o lanterns and  bought candles to put in the oranges, the candles did not fit. The _ were too small.","We were making orange jack o' lanterns and bought candles to put in the oranges, but the candles did not fit because of the small size of the _.",candles,oranges,2,"1, 5","['physical', 'spatial']",1
"Natalie committed a bunch of good deeds in Samantha's name, because _ wanted all the credit.","Natalie committed a bunch of good deeds in Samantha's name, because the person who wanted all the credit was _.",Natalie,Samantha,2,2,['social'],1
"Natalie committed a bunch of good deeds in Samantha's name, because _ didn't want the credit.","Natalie committed a bunch of good deeds in Samantha's name, because the one who didn't want the credit was _.",Natalie,Samantha,1,2,['social'],1
She wanted to shop for more clothes and ultimately decided on the velvet dress instead of the denim jacket because the _ was more casual.,"She wanted to shop for more clothes and ultimately decided on the velvet dress instead of the denim jacket, because the more casual item was the _.",dress,jacket,2,1,['physical'],1
"Laura didn't buy anything at all for Betty's birthday, because _ forgot to mention it.","The person who forgot to mention it, and thus Laura didn't buy anything at all for Betty's birthday, was _.",Laura,Betty,2,2,['social'],1
"Joel plans to go to Latin America next year where Dennis is currently living, _ has never been to Latin America.",Joel plans to go to Latin America next year where Dennis is currently living; the one who has never been to Latin America is _.,Joel,Dennis,1,4,['temporal'],1
"The library always had more books than computers, most likely because the _ are smaller.","The library always had more books than computers, most likely because the smaller ones are the _.",books,computers,1,"1, 3, 2005","['numerical', 'physical', 'spatial']",1
"The library always had more books than computers, most likely because the _ are bigger.","The library always had more books than computers, most likely because the bigger ones are the _.",books,computers,2,"1, 3","['numerical', 'physical']",1
"Ben had to respect his toys and his books to ensure they last long. However, it was difficult to respect the _ because they were fun.","Ben had to respect his toys and his books to ensure they last long, but because they were fun, it was difficult to respect the _.",toys,books,1,2,['social'],1
"Although Angela was overall a nicer person than Natalie, _ often did practice humility very regularlly.","Although Angela was overall a nicer person than Natalie, the one who often did practice humility very regularly was _.",Angela,Natalie,2,2,['social'],1
Jay could comfort sad people better instead of happy people because the _ people weren't realistic.,Jay could comfort sad people better instead of happy people because the people that weren't realistic were the _.,sad,happy,2,2,['social'],1
"Eric often thought of his annoying habits, like hitting his pen on his desk, and asked Ryan if it bothered him; _ said he was sorry he had done it.","Eric often thought of his annoying habits, like hitting his pen on his desk, and asked Ryan if it bothered him; the one who said he was sorry he had done it was _.",Eric,Ryan,1,2,['social'],1
Tanya wanted poppies for her wedding flowers but Carrie said that was an odd choice. _ pointed out it was a wedding and tradition mattered.,"Tanya wanted poppies for her wedding flowers but Carrie said that was an odd choice because it was a wedding and tradition mattered, as was pointed out by _.",Tanya,Carrie,2,2,['social'],1
I got more use in the gym than at the playground because the _ had more things to do.,I got more use in the gym than at the playground because there were more things to do at the _.,gym,playground,1,"3, 5","['numerical', 'spatial']",1
"Marty needed some sport and dress shoes, but could only buy one pair. He went with the _ since he would be going to a wedding.","Marty needed some sport and dress shoes, but since he could only buy one pair and would be attending a wedding, he went with the _.",dress,sport,1,2,['social'],1
Pine trees were a big part of Erin s Christmas tree farm while Megan was jewish but helped _ celebrate anyhow.,"Pine trees were a big part of Erin's Christmas tree farm while Megan, who was Jewish, helped celebrate anyhow with _.",Erin,Megan,1,2,['social'],1
All the glaciers that fell from the top of the mountains were found at the bottom. The _ were large.,"From the top of the mountains, all the glaciers that fell were found at the bottom, and what were large were the _.",Glaciers,Mountains,1,5,['spatial'],1
"Derrick showed Jason how to cut the tiles for their kitchen, and _ was shown appreciation for their help.","Derrick showed Jason how to cut the tiles for their kitchen, and appreciation for their help was shown to _.",Derrick,Jason,1,2,['social'],1
"Derrick had been working on his script for years and refused to get any other job, much to Logan's dismay. _ was worried and upset.","Derrick had been working on his script for years and refused to get any other job, much to Logan's dismay, so the one worried and upset was _.",Derrick,Logan,2,2,['social'],1
"The company wanted to increase labor productivity with its new machinery and camera, but the _ had faulty screws.","The company wanted to increase labor productivity with its new machinery and camera, but the faulty screws were in the _.",machinery,camera,1,1,['physical'],1
Hunter prepared the documents and data tables for Matthew's scientific research because _ is his assistant.,Hunter prepared the documents and data tables for Matthew's scientific research because the assistant here is _.,Hunter,Matthew,1,2,['social'],1
"Samuel was blown away to find out from Lawrence that goldfish are a type of carp, so _ decided to fact check his friend.","Samuel was blown away to find out from Lawrence that goldfish are a type of carp, so the one who decided to fact check his friend was _.",Samuel,Lawrence,1,2,['social'],1
"Jody wanted new mascara and eyeliner, either black or brown, but the _ was too light.","Jody wanted new mascara and eyeliner, either black or brown, but the one that was too light was the _.",black,brown,2,1,['physical'],1
Maria mimicked everything that Christine did at work because _ was like a fan to her.,Maria mimicked everything that Christine did at work because the one who was like a fan to her was _.,Maria,Christine,1,2,['social'],1
Maria told Monica they looked too sick to go to work and asked if they had a fever. _ went to the Doctor.,Maria told Monica they looked too sick to go to work and asked if they had a fever. The one who went to the Doctor was _.,Maria,Monica,2,2,['social'],1
"The dog loved Kevin but hated Derrick, so _ started bringing the dog treats to change its mind.","The dog loved Kevin but hated Derrick, so the one who started bringing the dog treats to change its mind was _.",Kevin,Derrick,2,2,['social'],1
The kitty ran away from Kayla and not Felicia because the kitty had known _ for many years.,The kitty ran away from Kayla and not Felicia because for many years the kitty had known _.,Kayla,Felicia,2,"2, 4","['social', 'temporal']",1
"During the summer, I like visiting the zoo more than the aquarium because the _ is inside.","During the summer, I like visiting the zoo more than the aquarium because the indoor one is the _.",zoo,aquarium,2,5,['spatial'],1
"Angela noticed the lumps on Amy 's arms that she had failed to notice, _ is just oblivious that way.","Angela noticed the lumps on Amy's arms that she had failed to notice, which is a trait of someone who is just oblivious that way, like _.",Angela,Amy,2,2,['social'],1
Kayla was the subject of a secret crush from Rebecca. _ was aware they were a secret admirer.,Kayla was the subject of a secret crush from Rebecca. The one who was aware they were a secret admirer was _.,Kayla,Rebecca,2,2,['social'],1
"Donald was able to catch the Frisbee thrown by Eric, then _ was thrown the Frisbee back.","Donald was able to catch the Frisbee thrown by Eric, and then the Frisbee was thrown back to _.",Donald,Eric,2,2,['social'],1
"Donald was able to catch the Frisbee thrown by Eric, then _ threw the Frisbee back.","Donald was able to catch the Frisbee thrown by Eric, then the Frisbee was thrown back by _.",Donald,Eric,1,2,['social'],1
Joe brought his books to school in a suitcase instead of a backpack because the _ was smaller.,"Joe brought his books to school in a suitcase instead of a backpack, as the smaller option was the _.",suitcase,backpack,2,"3, 5","['numerical', 'spatial']",1
Joseph asked Robert to clean the floor with a mop nearby because _ needs to work.,Joseph asked Robert to clean the floor with a mop nearby because the person who needs to work is _.,Joseph,Robert,2,2,['social'],1
The musician liked playing at the auditorium more than at the park because he sounded quieter at the _ .,The musician liked playing at the auditorium more than at the park because he sounded quieter at the _ .,auditorium,park,2,5,['spatial'],1
"Pho needs cilantro and beef to be tasty. However, the _ can be too savory.","Pho needs cilantro and beef to be tasty. However, the one that can be too savory is the _.",cilantro,beef,2,1,['physical'],1
Kenneth did not like Hunter because he was not a good manager. But he still respected _ because he was his superior.,"Kenneth did not like Hunter because he was not a good manager. But because he was his superior, he still respected _.",Kenneth,Hunter,2,2,['social'],1
"Paolo tries to remember what he read in the textbook, but all he can think of is the email from his friend because he read the _ ages ago.","Paolo tries to remember what he read in the textbook, but all he can think of is the email from his friend because it was ages ago that he read the _.",email,textbook,2,4,['temporal'],1
"If our relationship just started, should I get her a card or gift for Christmas? She might think I'm cheap if I give the _ .","If our relationship just started, should I get her a card or gift for Christmas? She might think I'm cheap if I give the _ .",card,gift,1,2,['social'],1
Maria planned to spring clean this weekend and told Katrina they should help too. _ expected her help.,Maria planned to spring clean this weekend and told Katrina they should help too. Her help was expected by _.,Maria,Katrina,1,2,['social'],1
Steven was disappointed as Logan asked him if he had any herb.  _ was a stoner.,Steven was disappointed as Logan asked him if he had any herb. The stoner was _.,Steven,Logan,2,2,['social'],1
Robert usually didn't like fish as much as Kyle however _ had a disliking for sardines on pizza.,"Robert usually didn't like fish as much as Kyle; however, the one with a disliking for sardines on pizza was _.",Robert,Kyle,2,3,['numerical'],1
"Monica was worried that Mary might be caught in a scam when they started their new job, but _ decided to trust their friend's judgement.","Monica was worried that Mary might be caught in a scam when they started their new job, but the decision to trust their friend's judgement was made by _.",Monica,Mary,1,2,['social'],1
She used vinegar to wipe down the cabinets hourly and a wood cleaner monthly.  The _ was overused.,"Because she used vinegar to wipe down the cabinets hourly and a wood cleaner monthly, the overused item was the _.",vinegar,cleaner,1,"3, 4","['numerical', 'temporal']",1
"Neil introduced William, who is very shy, to his friends, but _ was being very embarrassing.","Neil introduced William, who is very shy, to his friends, but the one being very embarrassing was _.",Neil,William,1,2,['social'],1
"Neil introduced William, who is very shy, to his friends, but _ was being very quiet.","Neil introduced William, who is very shy, to his friends, but the one being very quiet was _.",Neil,William,2,2,['social'],1
"While at the store, Logan grabbed a head of lettuce for Eric to use for dinner, but _ already had some at home.","While at the store, Logan grabbed a head of lettuce for Eric to use for dinner, but the one who already had some at home was _.",Logan,Eric,2,2,['social'],1
Jeffrey asked Hunter when was the date set for the wedding because _ was his best man.,Jeffrey asked Hunter when the date was set for the wedding because the best man was _.,Jeffrey,Hunter,1,2,['social'],1
"The dancer would leave the stage and enter the hall after her dance was finished, as the _ was where she belonged during the dance.","The dancer would leave the stage and enter the hall after her dance was finished, as where she belonged during the dance was the _.",stage,hall,1,5,['spatial'],1
"Christine told Samantha at court their reasons for their expired license, since _ had the responsibility to judge.","At court, Christine told Samantha their reasons for their expired license, since the responsibility to judge was with _.",Christine,Samantha,2,2,['social'],1
"Craig was all about self-publishing his first album, but a PRO rep Lawrence advised against it. _ advocated for a very hands-off approach to publishing.","Craig was all about self-publishing his first album, but a PRO rep Lawrence advised against it, with a very hands-off approach to publishing being advocated by _.",Craig,Lawrence,2,2,['social'],1
The landlord said she had violated her lease by allowing a dog into the apartment. She said that the dog did not violate the _ at all.,The landlord said she had violated her lease by allowing a dog into the apartment. She said that the dog did not at all violate the _.,apartment,lease,2,2,['social'],1
Nelson teased Christopher about needing to find a homecoming date because _ could not find one.,Nelson teased Christopher about needing to find a homecoming date because one could not be found by _.,Nelson,Christopher,2,2,['social'],1
Nelson teased Christopher about needing to find a homecoming date because _ already had one.,Nelson teased Christopher about needing to find a homecoming date because one had already been found by _.,Nelson,Christopher,1,2,['social'],1
James was able to hide the book inside his jacket because the _ is small.,James was able to hide the book inside his jacket because of the small size of the _.,book,jacket,1,"1, 3, 2005","['numerical', 'physical', 'spatial']",1
James was able to hide the book inside his jacket because the _ is big.,James was able to hide the book inside his jacket because of the big size of the _.,book,jacket,2,"1, 5","['physical', 'spatial']",1
"Rachel's date was shorter than she, so she wore her shoes rather than her boots, because the _ had low heels.","Rachel's date was shorter than she, so she wore her shoes rather than her boots because of the low heels of the _.",shoes,boots,1,"3, 5","['numerical', 'spatial']",1
The store had 80 platters but only 2 bowls left in stock because the _ were in low demand.,The store had 80 platters but only 2 bowls left in stock because of the low demand for the _.,platters,bowls,1,3,['numerical'],1
Jessica saw Laura constantly flirt with men in the office. _ thought it was normal in a place of business and she was admired by their coworkers.,"Jessica saw Laura constantly flirt with men in the office. Admired by their coworkers, the one who thought it was normal in a place of business was _.",Jessica,Laura,2,2,['social'],1
"Samantha's main artistic medium was paint, while Patricia preferred to work with clay, since _ was trained as a sculptor.","Samantha's main artistic medium was paint, while Patricia preferred to work with clay, since the one trained as a sculptor was _.",Samantha,Patricia,2,2,['social'],1
Samantha gifted her new bathrobe to Betty because it felt very comfortable for _ when she tried it on.,"Samantha gifted her new bathrobe to Betty because when she tried it on, it felt very comfortable for _.",Samantha,Betty,2,2,['social'],1
"It was painful for Justin to break up with Jason, but _ wasn't ready to move on.","It was painful for Justin to break up with Jason, but the one who wasn't ready to move on was _.",Justin,Jason,2,2,['social'],1
"Needing a boost Emily asked Rachel to put them on their shoulders in order to reach the roof, _  is tall in height.","Needing a boost, Emily asked Rachel to put them on their shoulders in order to reach the roof, as the one who is tall in height is _.",Emily,Rachel,2,5,['spatial'],1
The man with the fever came over and talked to Carrie and not Lindsey because _ was a patient.,The man with the fever came over and talked to Carrie and not Lindsey because the person who was a patient was _.,Carrie,Lindsey,2,2,['social'],1
James could not lift the bottle of water up to the table top because the _ is tall.,James could not lift the bottle of water up to the table top because of how tall the _ is.,table,bottle,1,"1, 5","['physical', 'spatial']",1
Brett took more medicines than Aaron did although _ was suffering from many more diseases.,Brett took more medicines than Aaron did although the one suffering from many more diseases was _.,Brett,Aaron,2,3,['numerical'],1
Derrick greeted Craig at the event but he did not respond to him because _ is arrogant.,Derrick greeted Craig at the event but he did not respond to him because of how arrogant _ is.,Derrick,Craig,2,2,['social'],1
James was able to hide to gift he brought wit him in his pocket because the _ is big.,James was able to hide the gift he brought with him in his pocket because of how big the _ is.,gift,pocket,2,"1, 3, 2005","['numerical', 'physical', 'spatial']",1
James was able to hide to gift he brought wit him in his pocket because the _ is small.,James was able to hide the gift he brought with him in his pocket because of how small the _ is.,gift,pocket,1,"1, 5","['physical', 'spatial']",1
"John cannot run the entire length of the track, he had been used to the field. The _ is short.","John cannot run the entire length of the track, because he had been used to the field. The shorter one is the _.",track,field,2,"3, 5","['numerical', 'spatial']",1
John had to bow to walk through the door but have to crawl to enter the tent. The _ is taller.,"John had to bow to walk through the door but has to crawl to enter the tent, so the taller one is the _.",door,tent,1,"1, 5","['physical', 'spatial']",1
Jessica asked Rebecca to go see a new horror movie even though _ knew she would likely to decline the invitation.,"Jessica asked Rebecca to go see a new horror movie even though she would likely to decline the invitation, which was known by _.",Jessica,Rebecca,1,2,['social'],1
Steven asked Joseph to have their stomach examined after _ had a night full of really bad gas issues.,Steven asked Joseph to have their stomach examined after a night full of really bad gas issues was experienced by _.,Steven,Joseph,2,2,['social'],1
The assertive commander told the privates to change their boots but not their shirts because the _ were fine.,"The assertive commander told the privates to change their boots but not their shirts, as the items that were fine were the _.",boots,shirts,2,2,['social'],1
Timmy bought a transporter for his cat so he could take him on the plane but the _ was too small.,Timmy bought a transporter for his cat so he could take him on the plane but couldn't because of how small the _ was.,transporter,plane,1,"1, 5","['physical', 'spatial']",1
"Jack wanted to start a game, but couldn't decide between baseball or basketball. The _ game would needed fewer of friends.","Jack wanted to start a game, but couldn't decide between baseball or basketball. The game needing fewer friends was _.",baseball,basketball,2,3,['numerical'],1
James wanted to wear the corsage but it wouldn't fit around his wrist because his _ was too small.,James wanted to wear the corsage but it wouldn't fit around his wrist due to the small size of his _.,wrist,corsage,2,"1, 5","['physical', 'spatial']",1
"Justin admired the art hung on the wall by Nick, so _ asked if he would like to take something home.","Justin admired the art hung on the wall by Nick, so the one who asked if he would like to take something home was _.",Justin,Nick,2,2,['social'],1
"After visiting their tenth college, Kevin asked Donald to just make up his mind, because _ just didn't have time for more.","After visiting their tenth college, Kevin asked Donald to just make up his mind, as there just wasn't time for more for _.",Kevin,Donald,1,"2, 3","['numerical', 'social']",1
"Jason hired his coworker to paint the house instead of hiring a painting company, because the _ will do it for more money.","Jason hired his coworker to paint the house instead of hiring a painting company, because it would be done for more money by the _.",coworker,painting company,2,2,['social'],1
Beautiful roses were bought by Jason for Dennis because _ is a receiver in general.,Beautiful roses were bought by Jason for Dennis because the receiver in general is _.,Jason,Dennis,2,2,['social'],1
"Felicia ran out of shirts and borrowed one from Patricia, but _ didn't ask permission ahead of time.","Felicia ran out of shirts and borrowed one from Patricia, but the one who didn't ask permission ahead of time was _.",Felicia,Patricia,1,2,['social'],1
"Ian always got ready quickly in the morning and ended up waiting for Christopher, _ was always punctual.","Ian always got ready quickly in the morning and ended up waiting for Christopher, the one who was always punctual being _.",Ian,Christopher,1,4,['temporal'],1
Kyle loved to camp in the wilderness but Justin preferred a nice hotel. _ booked a trip to New York City.,Kyle loved to camp in the wilderness but Justin preferred a nice hotel. A trip to New York City was booked by _.,Kyle,Justin,2,2,['social'],1
"The trumpet part overpowered the reeds but could not be heard over the strings, as the _ were just too quiet .",The trumpet part overpowered the reeds but could not be heard over the strings because of the low volume of the _.,reeds,strings,1,"1, 3","['numerical', 'physical']",1
"On the playground at school during recess, Monica called Emily a chicken because _ was scared of climbing the ladder.","On the playground at school during recess, Monica called Emily a chicken because the one who was scared of climbing the ladder was _.",Monica,Emily,2,2,['social'],1
"Mary loved to make baked potatoes, but Monica couldn't stand the smell; _ asked her to only make them when she was alone.","Mary loved to make baked potatoes, but Monica couldn't stand the smell; the one who asked her to only make them when she was alone was _.",Mary,Monica,2,2,['social'],1
Elena was asked by Jessica to put patches in the holes in her pants; _ gave her some she bought at the store.,Elena was asked by Jessica to put patches in the holes in her pants; the one who gave her some she bought at the store was _.,Elena,Jessica,2,2,['social'],1
Elena was asked by Jessica to put patches in the holes in her pants; _ used some she already had at home.,Jessica asked Elena to put patches in the holes in her pants; the one who used some she already had at home was _.,Elena,Jessica,1,2,['social'],1
"Elena liked lizards more than Rachel did, so _ was appalled to receive a pet gecko for her birthday.","Elena liked lizards more than Rachel did, so the one who was appalled to receive a pet gecko was _.",Elena,Rachel,2,2,['social'],1
"Laura put fruit in their pie for Lindsey to eat, and _ ate half the pie after that one was done baking.","Laura put fruit in their pie for Lindsey to eat, and after that one was done baking, half the pie was eaten by _.",Laura,Lindsey,2,"2, 4","['social', 'temporal']",1
"While shopping at the mall, Kevin asked Benjamin to help find a red shirt to wear because _ was great at clothing budgeting.","While shopping at the mall, Kevin asked Benjamin to help find a red shirt to wear because clothing budgeting was a strength of _.",Kevin,Benjamin,2,2,['social'],1
"Lindsey loves dogs and doesn't have one of her own. So when Amy visits with her dog, _ gives it treats and spoils it.","Lindsey loves dogs and doesn't have one of her own. So when Amy visits with her dog, it is given treats and spoiled by _.",Lindsey,Amy,1,2,['social'],1
the scanning tool could not get through the cervix because the _ was too small.,The scanning tool could not get through the cervix due to the small size of the _.,cervix,tool,1,"1, 3, 2005","['numerical', 'physical', 'spatial']",1
Mary didn't know what the currency of Mexico was but Lindsey knew _ had never been to Mexico before.,"Mary didn't know what the currency of Mexico was, but Lindsey knew that Mexico had never been visited by _ before.",Mary,Lindsey,1,2,['social'],1
"Megan sentenced Jennifer to probation for stealing from the grocery store, _ obeys the laws that are written.",Megan sentenced Jennifer to probation for stealing from the grocery store.  The person who obeys the laws that are written is _.,Megan,Jennifer,1,2,['social'],1
"Mary thinks Sarah has beautiful skin, even though _ actually has the better complexion of the two.","Mary thinks Sarah has beautiful skin, even though the one who actually has the better complexion of the two is _.",Mary,Sarah,1,2,['social'],1
"The apartment Brett rented was owned by Jason, so _ sent the rent for the apartment each month.","The apartment Brett rented was owned by Jason, so each month the rent for the apartment was sent by _.",Brett,Jason,1,2,['social'],1
Amy asked Maria how to make homemade candles to give as gifts. _ knew she had a lot of experience making them.,"Amy asked Maria how to make homemade candles to give as gifts, certain that she had a lot of experience making them; that fact was recognized by _. ",Amy,Maria,1,2,['social'],1
"Natalie is a forest ranger, Jessica is a cook therefore _ probably can't tell you how to plant your pine tree.","Natalie is a forest ranger, Jessica is a cook, therefore the one who probably can't tell you how to plant your pine tree is _.",Natalie,Jessica,2,2,['social'],1
"Kenneth's back is being tended to by Derrick at the office, so _ is the client in this situation.","Kenneth's back is being tended to by Derrick at the office, so the client in this situation is _.",Kenneth,Derrick,1,2,['social'],1
Benjamin thought Android was the superior phone system but Ian thought IOS was better. _ bought a new Note 9 from Verizon.,Benjamin thought Android was the superior phone system but Ian thought iOS was better. A new Note 9 from Verizon was bought by _.,Benjamin,Ian,1,2,['social'],1
Jill bought a slip to go with her new skirt but the _ was too short and it hung out the bottom.,"Jill bought a slip to go with her new skirt, but it hung out the bottom due to the short length of the _.",skirt,slip,1,"1, 5","['physical', 'spatial']",1
Jill bought a slip to go with her new skirt but the _ was too long and it hung out the bottom.,"Jill bought a slip to go with her new skirt, but it hung out the bottom due to the long length of the _.",skirt,slip,2,"1, 5","['physical', 'spatial']",1
"Elena is concerned that Megan might have a Twitter addiction, but _ is probably worrying about nothing.","Elena is concerned that Megan might have a Twitter addiction, but the one who's probably worrying about nothing is _.",Elena,Megan,1,2,['social'],1
"Patricia bought a plant for Natalie to put in her garden, so _ sent a thank you card.","Patricia bought a plant for Natalie to put in her garden, so a thank you card was sent by _.",Patricia,Natalie,2,2,['social'],1
"Patricia is a great nurse and Cynthia is a famous doctor, blood is normal to them, _ get assisted in operations.","Patricia is a great nurse and Cynthia is a famous doctor, blood is normal to them, the person who gets assisted in operations is _.",Patricia,Cynthia,2,2,['social'],1
The teacher was helping us study carpentry instead of studying the cooking today. The _ was mandatory.,The teacher was helping us study carpentry instead of studying the cooking because the mandatory class was _.,carpentry,cooking,1,"2, 4","['social', 'temporal']",1
"Tanya was an adult while Samantha was young and still had room to grow , so _ gave her her old clothes.","Tanya was an adult while Samantha was young and still had room to grow, so her old clothes were given to her by _.",Tanya,Samantha,1,2,['social'],1
Ann liked using oil paint rather than acrylic on canvas because _ had a shortened working time.,Ann liked using oil paint rather than acrylic on canvas because of the shortened working time of the _.,acrylic,oil,1,"1, 4","['physical', 'temporal']",1
The salesman would only feature nice things in the house like the pool but not the wiring because the _ was fine.,The salesman would only feature nice things in the house like the pool but not the wiring because the one that was fine was the _.,pool,wiring,1,2,['social'],1
Rachel touches the cool looking bulletproof vest of Kayla due to _ being on a ride along.,Rachel touches Kayla's cool looking bulletproof vest because the person on a ride along is _.,Rachel,Kayla,1,2,['social'],1
"To remove the stain he reached for soap first, then got up and got a bowl.  The _ was close by.","To remove the stain he reached for soap first, then got up and got a bowl. The thing that was close by was the _.",soap,bowl,1,4,['temporal'],1
"To remove the stain he reached for soap first, then got up and got a bowl.  The _ was far away.","To remove the stain he reached for soap first, then got up and got a bowl. The thing that was far away was the _.",soap,bowl,2,5,['spatial'],1
The architect tried to build the room inside the house but the _ was too small.,The architect tried to build the room inside the house but couldn't because of how small the _ was.,house,room,1,"1, 5","['physical', 'spatial']",1
Angela was a homebody while Amy loved to travel the world whenever they could. _ took a staycation at home over the summer.,Angela was a homebody while Amy loved to travel the world whenever they could. The one who took a staycation at home over the summer was _.,Angela,Amy,1,2,['social'],1
Sarah was a much better surgeon than Maria so _ always got the easier cases.,"Sarah was a much better surgeon than Maria, so the easier cases always went to _.",Sarah,Maria,2,2,['social'],1
Sarah was a much better surgeon than Maria so _ always got the harder cases.,"Sarah was a much better surgeon than Maria, so the harder cases always went to _.",Sarah,Maria,1,2,['social'],1
"They were worried the wine would ruin the bed and the blanket, but the _ was't ruined.","They were worried the wine would ruin the bed and the blanket, but fortunately, the item that was spared from damage was the _.",blanket,bed,2,1,['physical'],1
Terry tried to bake the eggplant in the toaster oven but the _ was too big.,Terry tried to bake the eggplant in the toaster oven but couldn't due to the size of the _.,eggplant,toaster,1,"1, 5","['physical', 'spatial']",1
"At night, Jeffrey always stays up later than Hunter to watch TV because _ wakes up late.","At night, Jeffrey always stays up later than Hunter to watch TV because waking up late is typical for _.",Jeffrey,Hunter,1,4,['temporal'],1
"The cat of Sarah has some mouth problems, so she takes it to see Maria. _ is a responsible cat owner.","The cat of Sarah has some mouth problems, so she takes it to see Maria, indicating that the responsible cat owner is _.",Sarah,Maria,1,2,['social'],1
"Natalie has a rich husband and lots of money, Jennifer is poor _ needs to make her clothes.","Natalie has a rich husband and lots of money, while Jennifer is poor. The one needing to make her clothes is _.",Natalie,Jennifer,2,2,['social'],1
"I had to read an entire story for class tomorrow. Luckily, the _ was canceled.","I had to read an entire story for class tomorrow. Luckily, I heard about the cancellation of the _.",story,class,2,4,['temporal'],1
"I had to read an entire story for class tomorrow. Luckily, the _ was short.","I had to read an entire story for class tomorrow, but since it was short, I didn't mind the _.",story,class,1,4,['temporal'],1
He had enough time between classes to go to a cafe or to the library. He went to the _ because his paper could wait.,"He had enough time between classes to go to a cafe or to the library. Because his paper could wait, he went to the _.",cafe,library,1,2,['social'],1
He had enough time between classes to go to a cafe or to the library. He went to the _ because his paper was due soon.,"He had enough time between classes to go to a cafe or to the library. Because his paper was due soon, he went to the _.",cafe,library,2,2,['social'],1
"Leslie was nervous around parrots but Neil was not, since _ was bitten by a bird early in life.","Leslie was nervous around parrots but Neil was not, since the one bitten by a bird early in life was _.",Leslie,Neil,1,2,['social'],1
Christmas was a special holiday to Eric but not Adam since _ was a Jew.,"Christmas was a special holiday for Eric but not Adam, since the Jewish person was _.",Eric,Adam,2,2,['social'],1
"Cynthia violated the rights of Amy, because _ had too much passivity with other people.",Cynthia violated the rights of Amy because the one with too much passivity with other people was _.,Cynthia,Amy,2,2,['social'],0
"They had to eat a lot to gain the strength they had lost and be able to work, the _ was too much.","They had to eat a lot to gain the strength they had lost and be able to work, but what proved to be too much was the _.",work,strength,1,1,['physical'],1
"The roof of Rachel's home is old and falling apart, while Betty's is new. The home value of _ is lower.","The roof of Rachel's home is old and falling apart, while Betty's is new, making the home value lower for _.",Rachel,Betty,1,1,['physical'],1
All the clutter in the house excited Leslie but not Derrick because cleaning energized _ very much.,All the clutter in the house excited Leslie but not Derrick because the person who was energized very much by cleaning was _.,Leslie,Derrick,1,2,['social'],1
The portions of food today were bigger than the sizes yesterday because the _ fed more people.,The portions of food today were bigger than the sizes yesterday because more people were fed by the _.,portions,sizes,1,3,['numerical'],1
"Since Craig threw aluminum cans in the trash and Benjamin recycled, _ was environmentally irresponsible.","Since Craig threw aluminum cans in the trash and Benjamin recycled, the one who was environmentally irresponsible was _.",Craig,Benjamin,1,2,['social'],1
"Christine was going to Jessica's house to do some cleaning in the kitchen, because _ was a energetic person.","Christine was going to Jessica's house to do some cleaning in the kitchen, because the person who was energetic was _.",Christine,Jessica,1,2,['social'],1
Mary thought poodles were a cool dog but Rachel thought Great Danes were cooler. _ bought a gigantic dog bed for their pet.,Mary thought poodles were a cool dog but Rachel thought Great Danes were cooler. A gigantic dog bed for their pet was bought by _.,Mary,Rachel,2,1,['physical'],1
"Leslie had a lot of issues that Kyle was tired of dealing with, so _ felt abandoned when they finally moved out.","Leslie had a lot of issues that Kyle was tired of dealing with, so when they finally moved out, the one who felt abandoned was _.",Leslie,Kyle,1,2,['social'],1
"Tanya told Emily she couldn't come to work because her cat had an infection, but _ was lying.","Tanya told Emily she couldn't come to work because her cat had an infection, but the one who was lying was _.",Tanya,Emily,1,2,['social'],1
"Tanya told Emily she couldn't come to work because her cat had an infection, but _ was lying.","Tanya told Emily she couldn't come to work because her cat had an infection, but the one who ended up lying was _.",Tanya,Emily,1,2,['social'],1
Brian was jealous of Brett's new car because _ couldn't afford to buy a new car.,Brian was jealous of Brett's new car because the person who couldn't afford to buy a new car was _.,Brian,Brett,1,2,['social'],1
The man used  his eyes to read the letters but the _ were too small.,The man used his eyes to read the letters but couldn't due to the small size of the _.,letters,eyes,1,1,['physical'],1
Jill was on a budget so she only bought a new dress for the ceremony and wore an old hat. She figured the _ would be less noticeable.,"Jill was on a budget so she only bought a new dress for the ceremony and wore an old hat, figuring that the less noticeable item would be the _.",dress,hat,2,2,['social'],1
"On Monday, Patricia made Felicia eggs for an early breakfast, but _ does not like fried eggs.","On Monday, Patricia made Felicia eggs for an early breakfast, but fried eggs are not liked by _.",Patricia,Felicia,2,2,['social'],1
"Since Craig wears clear contacts and William wears colored ones, it is safe to assume that _ loves the color of their eyes.","Since Craig wears clear contacts and William wears colored ones, it is safe to assume that the one who loves the color of their eyes is _.",Craig,William,1,1,['physical'],1
"Since Craig wears clear contacts and William wears colored ones, it is safe to assume that _ dislikes the color of their eyes.","Since Craig wears clear contacts and William wears colored ones, it is safe to assume that the one who dislikes the color of their eyes is _.",Craig,William,2,1,['physical'],1
Hunter was a better baker than Logan so _ made the kitchen a mess when they tried to make an apple pie.,"Hunter was a better baker than Logan, so when they tried to make an apple pie, the one who made the kitchen a mess was _.",Hunter,Logan,2,3,['numerical'],1
Jennifer was more of a morning person than Natalie although _ always went to bed early and got a good night's rest.,"Jennifer was more of a morning person than Natalie, although the one who always went to bed early and got a good night's rest was _.",Jennifer,Natalie,2,4,['temporal'],1
Jennifer was more of a morning person than Natalie because _ always went to bed early and got a good night's rest.,Jennifer was more of a morning person than Natalie because the one who always went to bed early and got a good night's rest was _.,Jennifer,Natalie,1,4,['temporal'],1
"Nick wanted to play a game on the floor, but Dennis was hesitant because of his knees. _ was disappointed.","Nick wanted to play a game on the floor, but Dennis was hesitant because of his knees, leading to disappointment for _.",Nick,Dennis,1,2,['social'],1
James panicked when his phone fell on the table thinking it will break but the _ is soft.,"James panicked when his phone fell on the table, thinking it would break, but what turned out to be soft was the _.",phone,table,2,1,['physical'],1
James panicked when his phone fell on the table thinking it will break but the _ is strong.,"James panicked when his phone fell on the table, but what turned out to be strong was the _.",phone,table,1,1,['physical'],1
John cannot touch the cup as it was just brought out of the refrigerator. He wanted some air to blow around it. The _ is very warm.,John couldn't touch the cup as it was just brought out of the refrigerator. He wanted some air to blow around it because of how warm the _ is.,cup,air,2,1,['physical'],1
The fireman used several rags to polish the nozzles on the fire hose; when he was done the _ were dirty.,"The fireman used several rags to polish the nozzles on the fire hose; when he was done, the ones that were dirty were the _.",nozzles,rags,2,1,['physical'],1
The bartender cut Carrie off but continued to serve Emily because _ was too drunk.,The bartender cut Carrie off but continued to serve Emily because the one who was too drunk was _.,Carrie,Emily,1,2,['social'],1
Blaze always wore a t-shirt instead of a shirt because he thought that the _ was stuffy and old fashioned.,Blaze always wore a t-shirt instead of a shirt because he thought that what was stuffy and old fashioned was the _.,shirt,t-shirt,1,2,['social'],1
"The paint would melt in the sun, so we used a varnish instead, since the _ was susceptible to heat.","The paint would melt in the sun, so we used a varnish instead because of the susceptibility to heat of the _.",paint,varnish,1,1,['physical'],1
"I tried to make mini lamps by using glow sticks in mason jars, but had to get larger jars because the _ were too big.","I tried to make mini lamps by using glow sticks in mason jars, but had to get larger jars due to the big size of the _.",glow sticks,jars,1,"1, 5","['physical', 'spatial']",1
Joel always liked to turn the heater up higher than Joseph did for the reason that _ was never cold.,Joel always liked to turn the heater up higher than Joseph did for the reason that the person who was never cold was _.,Joel,Joseph,2,1,['physical'],1
"Aaron didn't know Dennis had a peanut allergy, so when _ made peanut chicken an ambulance was called.","Because Aaron didn't know Dennis had a peanut allergy, so an ambulance was called when peanut chicken was made by _.",Aaron,Dennis,1,2,['social'],1
"Aaron didn't know Dennis had a peanut allergy, so when _ ate peanut chicken an ambulance was called.","Because Aaron didn't know Dennis had a peanut allergy, so an ambulance was called when peanut chicken was eaten by _.",Aaron,Dennis,2,2,['social'],1
"Brett asked Joel for advice and guidance about waxing his mustache, and afterwards _ felt burdened.","After Brett asked Joel for advice and guidance about waxing his mustache, the resulting sense of burden fell on _.",Brett,Joel,2,2,['social'],1
The filter in the living room needed to be changed more often than the one in the bedroom because the _ was cleaner.,The filter in the living room needed to be changed more often than the one in the bedroom because the cleaner room was the _.,living room,bedroom,2,3,['numerical'],1
Megan forgot to buy deodorant at the store so they borrowed Jessica's deodorant and _ hoped they never found out.,"Megan forgot to buy deodorant at the store, so after borrowing Jessica's deodorant, the one who hoped they never found out was _.",Megan,Jessica,1,2,['social'],1
"Emily never had as much money to spend as Carrie, because _ had a good job.","Emily never had as much money to spend as Carrie, because the person who had a good job was _.",Emily,Carrie,2,3,['numerical'],1
"The wooden doors at my friends work are worse than the wooden desks at my work, because the _ material is cheaper.","The wooden doors at my friend's work are worse than the wooden desks at my work, because the material is cheaper in the _.",doors,desks,1,1,['physical'],1
"The wooden doors at my friends work are worse than the wooden desks at my work, because the _ material is stronger.","The wooden doors at my friend's work are worse than the wooden desks at my work, because the material is stronger in the _.",doors,desks,2,1,['physical'],1
The arrow stuck to the bark but not the stone because the _ was flimsy.,The arrow stuck to the bark but not the stone because of how flimsy the _ was.,bark,stone,1,1,['physical'],1
The arrow stuck to the bark but not the stone because the _ was hard.,The arrow stuck to the bark but not the stone because of how hard the _ was.,bark,stone,2,1,['physical'],1
The leg of the pig body stuck out of the grave where it was buried because the _ is large.,The leg of the pig body stuck out of the grave where it was buried because of how large the _ is.,body,grave,1,"1, 5","['physical', 'spatial']",1
Mike doesn't like the table in his living room as much as the couch. The _ resonates with the other decorations.,Mike doesn't like the table in his living room as much as the couch. The item that resonates with the other decorations is the _.,table,couch,2,2,['social'],1
"The plan devised by Christine to get Kayla to like them failed, as _ did not really try it.","The plan devised by Christine to get Kayla to like them failed, as it was not really tried by _.",Christine,Kayla,1,2,['social'],1
"The doctor offered to treat the patient's illness quickly with surgery or slowly with diet, and the patient refused the _ because he felt it was dangerous.","The doctor offered to treat the patient's illness quickly with surgery or slowly with diet, and because he felt it was dangerous, the patient refused the _.",diet,surgery,2,2,['social'],1
Throughout the practice Rachel pushed the limits of Megan to get ready for the game because _ was the athlete.,"Throughout the practice Rachel pushed the limits of Megan to get ready for the game, motivated by the fact that the athlete was _.",Rachel,Megan,2,2,['social'],1
"Sarah was quickly promoted to manager over Kayla, because _ excelled at angering other people.","Sarah was quickly promoted to manager over Kayla, because the one who excelled at angering other people was _.",Sarah,Kayla,2,2,['social'],1
"Betty drank chocolate shakes while Elena drank carrot juice, and _ had a very healthy diet.","Betty drank chocolate shakes while Elena drank carrot juice, and the one with a very healthy diet was _.",Betty,Elena,2,1,['physical'],1
"Betty drank chocolate shakes while Elena drank carrot juice, and _ had a very unhealthy diet.","Betty drank chocolate shakes while Elena drank carrot juice, and the one with a very unhealthy diet was _.",Betty,Elena,1,1,['physical'],1
The president had their speech at the auditorium rather than the park because the _ was smaller.,"The president had their speech at the auditorium rather than the park, because the smaller option was the _.",auditorium,park,2,"3, 5","['numerical', 'spatial']",1
"When Steven found that their T-shirt had shrunk in the laundry, Robert's first reaction was to laugh, and _ became apologetic.","When Steven found that their T-shirt had shrunk in the laundry, Robert's first reaction was to laugh, and apologies were offered by _.",Steven,Robert,2,2,['social'],1
She counted her calories for her diet and found she needed more so she ate a brownie instead of an apple since the _ has fewer.,She counted her calories for her diet and found she needed more so she ate a brownie instead of an apple since there were fewer in the _.,apple,brownie,1,3,['numerical'],1
Felicia liked wearing glasses more than braces because she could take the _ off every day.,Felicia liked wearing glasses more than braces because every day she could take off the _.,glasses,braces,1,1,['physical'],1
Randy's hair is dry when compared to Ian's due to _ using a strong conditioner.,Randy's hair is dry compared to Ian's hair due to the strong conditioner used by _,Randy,Ian,2,1,['physical'],1
"Adam was a crook and not a law-abiding citizen like Joseph, so it was surprising that _ was the one with a restraining order against him.","Adam was a crook and not a law-abiding citizen like Joseph, so it was surprising that the one with a restraining order against him was _.",Adam,Joseph,2,2,['social'],1
"Adam was law-abiding and not a crook like Joseph, so it was surprising that _ was the one with a restraining order against him.","Adam was law-abiding and not a crook like Joseph, so it was surprising that the one with a restraining order against him was _.",Adam,Joseph,1,2,['social'],1
The wages at the factory were lower than the wages at the plant since it was more safe to work at the _ .,The wages at the factory were lower than the wages at the plant since it was more safe to work at the _ .,plant,factory,2,3,['numerical'],1
"Ann's babies were crying, and she could give them a bottle or a rattle.  She tried the _ first in case they were bored.","Ann's babies were crying, and she could give them a bottle or a rattle. In case they were bored, she first tried the _.",bottle,rattle,2,1,['physical'],1
"The house of Aaron took some damage from the storm but not Michael's house, because _ lived farther away.","The house of Aaron took some damage from the storm but not Michael's house, because the person who lived farther away was _.",Aaron,Michael,2,5,['spatial'],1
"Jennifer dragged Felicia along to a self help workshop about how to succeed, because _ wanted some company.","Jennifer dragged Felicia along to a self help workshop about how to succeed, because the one wanting some company was _.",Jennifer,Felicia,1,2,['social'],1
Mary can read the clock in the room at night without the light even though the _ is dark.,"Mary can read the clock in the room at night without the light, despite the dark _.",clock,room,2,1,['physical'],1
"Logan reads a lot, while Donald almost never picks up a book because _ is a plumber.","Logan reads a lot, while Donald almost never picks up a book because the one who is a plumber is _.",Logan,Donald,2,2,['social'],1
"Logan reads a lot, while Donald almost never picks up a book because _ is a student.","Logan reads a lot, while Donald almost never picks up a book because the one who is a student is _.",Logan,Donald,1,2,['social'],1
"The wind during the last hurricane tried to knock over their new house, but the _ was too strong.","The wind during the last hurricane tried to knock over their new house, but the one that proved too strong was the _.",house,wind,1,1,['physical'],1
"During the rescue mission, Maria pulled Rebecca away from the minefield since _ was a civilian.","During the rescue mission, Maria pulled Rebecca away from the minefield because the one who was a civilian was _.",Maria,Rebecca,2,2,['social'],1
The jewelry sold for less than the baseball card did since the _ was very common.,The jewelry sold for less than the baseball card did because the more common one was the _.,card,jewelry,2,1,['physical'],1
"Laura brought extensions to Monica at the salon, so that _ could get their dreads treated professionally.","At the salon, Laura brought extensions to Monica so that their dreads could be treated professionally by _.",Laura,Monica,1,2,['social'],1
The installation process was simpler for the cable over the internet because the man had never installed the _ previously.,"The man found the installation process simpler for the cable over the internet, having never previously installed the _.",cable,internet,2,4,['temporal'],1
The installation process was simpler for the cable over the internet because the man had already installed the _ previously.,"The man found the installation process simpler for the cable over the internet, having already previously installed the _.",cable,internet,1,4,['temporal'],1
Jessica wanted Mary to help them decorate their new house because _ asked them not to do it alone.,Jessica wanted Mary to help them decorate their new house because it was the person who asked them not to do it alone that was _.,Jessica,Mary,2,2,['social'],1
William went on the ride more than Matthew did because _ thought it was scary.,"William went on the ride more than Matthew did, because it was considered scary by _.",William,Matthew,2,3,['numerical'],1
"Megan took Monica to a wood shack in the mountains, because _ was a kidnapper trying to hide.",Megan took Monica to a wood shack in the mountains because one of them was a kidnapper trying to hide—and that kidnapper was _.,Megan,Monica,1,2,['social'],1
Kayla prepared a foot soak bath for Cynthia for their birthday so _ is pouring in water.,"For their birthday, Kayla prepared a foot soak bath for Cynthia, so water is poured in by _.",Kayla,Cynthia,1,2,['social'],1
"The man looked at the sundial since a watch or clocktower was not at his disposal, having lost the _ .","The man looked at the sundial since a watch or clocktower was not at his disposal, having lost the _ .",watch,clocktower,1,1,['physical'],1
Hunter chose to eat a banana for breakfast every morning but Michael did not because _ is unconcerned about their health.,Hunter chose to eat a banana for breakfast every morning but Michael did not because of how unconcerned about their health _ is.,Hunter,Michael,2,2,['social'],1
Patricia decided to buy Felicia dinner because they had been through a lot and _ just lost some money.,"They had been through a lot, so Patricia decided to buy Felicia dinner, as some money was just lost by _.",Patricia,Felicia,2,2,['social'],1
"Sarah thought that Elena was overpacking for Hawaii, because _ had a very full suitcase.",Sarah thought that Elena was overpacking for Hawaii because the very full suitcase belonged to _.,Sarah,Elena,2,1,['physical'],1
William liked to be outside more than Kyle so _ spent time arguing against getting a pool.,"William liked to be outside more than Kyle, so the one who spent time arguing against getting a pool was _.",William,Kyle,2,2,['social'],1
William liked to be outside more than Kyle so _ spent time arguing for getting a pool.,William liked to be outside more than Kyle so the one who spent time arguing for getting a pool was _.,William,Kyle,1,2,['social'],1
My gun was inspected with a cloth to make sure it worked fine. The _ was hard.,"While inspecting my gun with a cloth to make sure it worked fine, I noticed how hard the _ was.",cloth,gun,2,1,['physical'],1
"At the estate sale, John saw the hammer was more affordable than the screwdriver, because the _ was used.","At the estate sale, John saw the hammer was more affordable than the screwdriver because the item that was used was the _.",hammer,screwdriver,1,1,['physical'],1
"At the estate sale, John saw the hammer was more affordable than the screwdriver, because the _ was brand new.","At the estate sale, John saw the hammer was more affordable than the screwdriver because the item that was brand new was the _.",hammer,screwdriver,2,3,['numerical'],1
The sliding glass door was broken when Eric pushed Ian through it because _ is a pushover.,The sliding glass door was broken when Eric pushed Ian through it because the one who is a pushover is _.,Eric,Ian,2,2,['social'],1
"The woman used a gentle technique when painting the urn but applied more pressure when painting the vase, because the _ was less fragile.","The woman used a gentle technique when painting the urn but applied more pressure when painting the vase, because the less fragile item was the _.",Urn,Vase,2,1,['physical'],1
"The woman used a gentle technique when painting the urn but applied more pressure when painting the vase, because the _ was more fragile.","The woman used a gentle technique when painting the urn but applied more pressure when painting the vase, because the more fragile item was the _.",Urn,Vase,1,1,['physical'],1
Tina made a schedule to keep track of her work and school obligations.  She preferred to focus on the _ because she wanted to learn.,"Tina made a schedule to keep track of her work and school obligations. Because she wanted to learn, she preferred to focus on the _.",school,work,1,2,['social'],1
"Jessica wants to protect herself from infectious diseases so she goes to doctor Samantha, because _ is careful.","Jessica wants to protect herself from infectious diseases, so she goes to doctor Samantha, because the person that is careful is _.",Jessica,Samantha,1,2,['social'],1
The history of the village is more intriguing than the history of the city because the _ is very new.,The history of the village is more intriguing than the history of the city because of how new the _ is.,village,city,2,4,['temporal'],1
Rachel told Patricia to pick up some baby powder at the store because _ had sweaty feet.,Rachel told Patricia to pick up some baby powder at the store because the person who had sweaty feet was _.,Rachel,Patricia,1,2,['social'],1
Neil looked all over the neighborhood for their missing dog until Samuel called and _ got their dog back.,"Neil looked all over the neighborhood for their missing dog until Samuel called, and the dog was returned to _.",Neil,Samuel,1,2,['social'],1
"At work, Mary uses a broiler a lot, but Rebecca uses a chainsaw. That's because _ is a tree cutter.","At work, Mary uses a broiler a lot, but Rebecca uses a chainsaw. That's because the tree cutter is _.",Mary,Rebecca,2,1,['physical'],1
"The sand and water in the fish tank were very dirty, so the _ needed to be filtered.","The sand and water in the fish tank were very dirty, so what needed to be filtered was the _.",water,sand,1,1,['physical'],1
"The sand and water in the fish tank were very dirty, so the _ needed to be scrubbed.","The sand and water in the fish tank were very dirty, so what needed to be scrubbed was the _.",water,sand,2,1,['physical'],1
"Pete preferred to use the sheet to the blanket, because the _ was much hotter.","Pete preferred to use the sheet to the blanket, because the one that was much hotter was the _.",sheet,blanket,2,1,['physical'],0
"She preferred a globe of the world made of PVC instead of plastic, because the _ made it look expensive.","She preferred a globe of the world made of PVC instead of plastic, because what made it look expensive was the _.",plastic,PVC,2,1,['physical'],1
"People think _ is embarassed, because Samantha made snide comments about the shirt Rebecca was wearing.","Because Samantha made snide comments about the shirt Rebecca was wearing, people suspect the embarrassment lies with _.",Samantha,Rebecca,2,2,['social'],1
Adam's mindset was a lot stronger than William's because _ was able to control it.,Adam's mindset was a lot stronger than William's because the one able to control it was _.,Adam,William,1,3,['numerical'],1
The puncture healed quicker than the cut because the _ was a more superficial wound.,"The puncture healed quicker than the cut, because the more superficial wound was the _.",cut,puncture,2,1,['physical'],1
Using a needle to sew together both the leather and silk was difficult.  The _ was hard get through.,Using a needle to sew together both the leather and silk was difficult because. It was hard to get through the _.,leather,silk,1,1,['physical'],1
The maid took away a cozy blanket from Lawrence but not Nick because _ was very hot.,"The maid took away a cozy blanket from Lawrence but not Nick, because the temperature was too high for _.",Lawrence,Nick,1,1,['physical'],1
"The photo came out of the Polaroid camera and fell onto the tray, so now the _ is lighter.","The photo came out of the Polaroid camera and fell onto the tray, which decreased the weight of the _.",camera,tray,1,3,['numerical'],1
Brett asked Nelson where they were because _ had no idea after he fell asleep.,"Brett asked Nelson where they were, because, after he fell asleep, it was not known to _.",Brett,Nelson,1,2,['social'],1
Leslie coughed more when they were eating their food than Adam although there was more seasoning in the food of _ .,Leslie coughed more when they were eating their food than Adam although there was more seasoning in the food of _ .,Leslie,Adam,2,3,['numerical'],1
"Craig gifted Eric a new picnic table, because _ borrowed some money a while ago.","Craig decided to gift Eric a new picnic table,  due to some money that was borrowed a while ago by _.",Craig,Eric,1,2,['social'],1
"Craig gifted Eric a new picnic table, because _ lent him some money a while ago.","Craig decided to gift Eric a new picnic table,  due to some money that was leant a while ago by _.",Craig,Eric,2,2,['social'],1
Whilst on the beach Cynthia loved to wear a bikini but Laura did not because _ had a fat stomach.,"Whilst on the beach, Cynthia loved to wear a bikini but Laura did not, because of the fat stomach of _.",Cynthia,Laura,2,1,['physical'],1
The shoe james bought got pinched by a nail while jogging because the _ is soft.,The shoe james bought got pinched by a nail while jogging because of how soft the _ is.,shoe,nail,1,1,['physical'],1
The fishing line snagged and broke on a rock because the _ was too heavy.,The fishing line snagged and broke on a rock because of the heavy weight of the _.,fishing line,rock,2,1,['physical'],1
Johnny likes fruits more than vegetables in his new keto diet because the _ are saccharine.,Johnny likes fruits more than vegetables in his new keto diet because the ones that are saccharine are the _.,fruits,vegetables,1,"1, 3","['numerical', 'physical']",0
"Victoria was still grieving the death of a friend more than Elena, because _ had a more distant relationship with the friend.","Victoria was still grieving the death of a friend more than Elena, because the friend had a more distant relationship with _.",Victoria,Elena,2,2,['social'],1
"Cynthia had a much harder life than Amy, so when _ said life was good, it was an unusual sentiment.","Cynthia had a much harder life than Amy, so it was an unusual sentiment to hear that life was good from _.",Cynthia,Amy,1,3,['numerical'],1
The chef fried less mushrooms than tomatoes because the _ were ordered frequently at the restaurant.,The chef fried less mushrooms than tomatoes because the ones that were ordered frequently at the restaurant were the _.,mushrooms,tomatoes,2,3,['numerical'],1
"Lawrence dealt the cards to Joseph at the blackjack table, because _ was a professional player.","At the  blackjack table, Lawrence dealt the cards to Joseph, because the one that was a professional player was _.",Lawrence,Joseph,2,2,['social'],1
"You can grow cilantro in a garden or buy it at the store, but the _ variety will taste bland because it will be older.","You can grow cilantro in a garden or buy it at the store, but the variety that will taste bland because it will be older is from the _.",garden,store,2,4,['temporal'],1
"You can grow cilantro in a garden or buy it at the store, but the _ variety will taste better because it will be fresh.","You can grow cilantro in a garden or buy it at the store, but the variety that will taste better because it will be fresh is from the _.",garden,store,1,"1, 4","['physical', 'temporal']",1
William did not mind if it took them a while to prepare a meal but Adam did because _ was very meticulous.,"William did not mind if it took them a while to prepare a meal, but Adam did, due to the meticulous approach of _.",William,Adam,1,2,['social'],1
The wall of the house looks nicer than the one in the garage despite that the _ was painted more recently.,"The wall of the house looks nicer than the one in the garage, even though the one painted more recently is the _.",house,garage,2,1,['physical'],1
Kevin ate large amounts of food but not Adam. _ didn't have to get checked to see if they had a tapeworm.,Kevin ate large amounts of food but not Adam. The one who didn't have to get checked to see if they had a tapeworm was _.,Kevin,Adam,2,3,['numerical'],1
The computer of Victoria ran faster than that of Carrie because _ downloaded less files.,The computer of Victoria ran faster than that of Carrie because fewer files were downloaded by _.,Victoria,Carrie,1,3,['numerical'],1
The computer of Victoria ran slower than that of Carrie because _ downloaded less files.,The computer of Victoria ran slower than that of Carrie because fewer files were downloaded by _.,Victoria,Carrie,2,3,['numerical'],1
My face was more familiar than it was at the bar than the gym because I went to the _ several times a week.,My face was more familiar than it was at the bar than the gym because I went several times a week to the _.,bar,gym,1,3,['numerical'],1
Randy showed Samuel the abused horse that he rescued from the shelter.  _ was proud of his friend.,"Randy showed Samuel the abused horse that he rescued from the shelter, and the one who was proud of his friend was _.",Randy,Samuel,2,2,['social'],1
Elena enjoyed yoga classes while Amy preferred other forms of exercise; this was because _ was inflexible.,Elena enjoyed yoga classes while Amy preferred other forms of exercise because of how inflexible _ was.,Elena,Amy,2,1,['physical'],1
"The cake that Lawrence tried to bake for Ryan didn't rise, and _ felt forgiving abut it.","The cake that Lawrence tried to bake for Ryan didn't rise, and there was forgiveness about it from _.",Lawrence,Ryan,2,2,['social'],1
Natalie took a longer time to take a bath than Jennifer because _ liked relaxing in the tub.,"Natalie took a longer time to take a bath than Jennifer, because relaxing in the tub was enjoyable for _.",Natalie,Jennifer,1,3,['numerical'],1
It is likely that Donald but not Jason would get the job promotion because _ never stayed late and never did extra work.,It is likely that Donald but not Jason would get the job promotion because staying late and doing extra work were never done by _.,Donald,Jason,2,2,['social'],1
A background check was performed on Natalie by Lindsey due to _ being a nanny.,A background check was performed on Natalie by Lindsey because of the nanny role held by _.,Natalie,Lindsey,1,2,['social'],1
We reached a settlement with the company but were roadblocked by the court.  The _ was just more inflexible in its dealings.,We reached a settlement with the company but were roadblocked by the court. The more inflexible party in its dealings is the _.,company,court,2,2,['social'],1
The man paid cash for the phone but purchased the tablet with credit because the _ was pricy.,The man paid cash for the phone but purchased the tablet with credit because of how pricy the _ was.,Phone,Tablet,2,3,['numerical'],1
The man paid cash for the phone but purchased the tablet with credit because the _ was inexpensive.,The man paid cash for the phone but purchased the tablet with credit because of how inexpensive the _ was.,Phone,Tablet,1,3,['numerical'],1
"There are lots of pills in the home of Neil, but none in the house of Logan, so _ must be healthy.","There are lots of pills in the home of Neil, but none in the house of Logan. The healthy one must be _.",Neil,Logan,2,3,['numerical'],1
Carrie asked Betty where the children were on the playground because _ could not see them.,Carrie asked Betty where the children were on the playground because they were not visible to _.,Carrie,Betty,1,5,['spatial'],1
Samantha had to get car insurance and Jessica did not because _ just got a new car.,Samantha had to get car insurance and Jessica did not because the person who just got a new car was _.,Samantha,Jessica,1,2,['social'],1
The stain was lighter on Jason's shirt than Donald's because _ spilled red wine and not white wine.,"The stain was lighter on Jason's shirt than Donald's, because red wine, not white wine, was spilled by _.",Jason,Donald,2,"1, 3","['numerical', 'physical']",1
The stain was darker on Jason's shirt than Donald's because _ spilled red wine and not white wine.,"The stain was darker on Jason's shirt than Donald's, because red wine, not white wine, was spilled by _.",Jason,Donald,1,1,['physical'],1
Emily decided to eat a lot more yucca than Carrie did. _ was still hungry.,Emily decided to eat a lot more yucca than Carrie did. The person who was still hungry was _.,Emily,Carrie,2,3,['numerical'],1
Emily decided to eat a lot more yucca than Carrie did. _ was no longer hungry.,Emily decided to eat a lot more yucca than Carrie did. The person who was no longer hungry was _.,Emily,Carrie,1,3,['numerical'],1
Ian needed to adjust the mirror and Craig did not because _ was the same height as the owner of the car.,Ian needed to adjust the mirror and Craig did not because the owner of the car was the same height as _.,Ian,Craig,2,3,['numerical'],1
The commodities trader decided to buy wool and sell cotton because the _ was priced low.,The commodities trader decided to buy wool and sell cotton because of the low price of the _.,wool,cotton,1,2,['social'],1
"It is an article of faith that the paper is more important than the exam , even though the _ weighs less heavily on the grade.","It is an article of faith that the paper is more important than the exam, even though what weighs less heavily on the grade is the _.",paper,exam,1,3,['numerical'],1
The tip of James pencil was breaking while writing on the paper sheet. The _ is weak.,The tip of James pencil was breaking while writing on the paper sheet due to the weakness of the _.,pencil,paper,1,1,['physical'],1
The woman moved the urn in front of the vase on the shelf because the _ was attractive.,The woman moved the urn in front of the vase on the shelf because of how attractive the _ was.,urn,vase,1,5,['spatial'],1
Jennifer returned the pan to Sarah because _ had borrowed it from her for the potluck party.,Jennifer returned the pan to Sarah because it was borrowed for the potluck party by _.,Jennifer,Sarah,1,2,['social'],1
Jennifer returned the pan to Sarah because _ had loaned it to her for the potluck party.,Jennifer returned the pan to Sarah because it was loaned for the potluck party by _.,Jennifer,Sarah,2,2,['social'],1
The doctor told Kevin to exercise more often but not Neil. _ had always been lazy and unmotivated.,The doctor told Kevin to exercise more often but not Neil because the lazy and unmotivated one was _.,Kevin,Neil,1,2,['social'],1
The doctor told Kevin to exercise more often but not Neil. _ had always been active and self-motivated.,The doctor told Kevin to exercise more often but not Neil because the active and self-motivated one was _.,Kevin,Neil,2,2,['social'],1
"The blood sample on the slide was more helpful than the one in the vial, because the _ had been kept pristine.","The blood sample on the slide was more helpful than the one in the vial, because of the pristine upkeep of the _.",slide,vial,1,1,['physical'],1
"The air in the shop was better than in the garage, because the _ was highly purified.","The air in the shop was better than in the garage, because of how highly purified the _ was.",garage,shop,2,5,['spatial'],1
"He went to put his pocket watch into his pocket, but realized the chain had broke.  Without it, the _ doesn't function correctly.","He went to put his pocket watch into his pocket, but realized the chain had broke, and without it, correct function is not possible for the _.",pocket watch,chain,1,1,['physical'],1
"Jason was easily scared, so he watched sci-fi movies instead of horror movies because the _ were not scary.","Jason was easily scared, so he watched sci-fi movies instead of horror movies because he was not scared by the _.",sci-fi movies,horror movies,1,2,['social'],1
"The woman kept the bikini but returned the top, because the _ was the right size.",The woman kept the bikini but returned the top because the one that was the right size was the _.,bikini,top,1,1,['physical'],1
"The woman kept the bikini but returned the top, because the _ was the wrong size.",The woman kept the bikini but returned the top because the one that was the wrong size was the _.,bikini,top,2,1,['physical'],1
"Angela beat Mary in the weightlifting competition, but it wasn't fair. _ had been taking steroids.","Angela beat Mary in the weightlifting competition, but it wasn't fair because steroids had been taken by _.",Angela,Mary,1,2,['social'],1
Betty assisted Kayla with the daily analysis task they were assigned and then _ ask for help herself.,Betty assisted Kayla with the daily analysis task they were assigned and the one who then asked for help herself was _.,Betty,Kayla,1,2,['social'],1
Jeri was deciding what to bring to a potluck and picked cookies over a pie because the _ could be shared with fewer people.,Jeri was deciding what to bring to a potluck and picked cookies over a pie because fewer people could share the _.,cookies,pie,2,"2, 3","['numerical', 'social']",1
"Brian asked  Nick to feed their rabbit,because  _ was planning on going on vacation to Disney for a week.",Brian asked Nick to feed their rabbit because the one planning on going on vacation to Disney for a week was _.,Brian,Nick,1,2,['social'],1
James listened carefully to the conversation from the other room but all he could hear was the clock tickling. The _ is pretty loud.,James listened carefully to the conversation from the other room but all he could hear was the clock tickling. It was impossible to ignore the loudness of the _.,clock,conversation,1,1,['physical'],1
The ambulance went to the hospital without Nelson inside but with Ryan because _ drove there in a car.,"The ambulance went to the hospital without Nelson inside but with Ryan, because the person who drove there by car was _.",Nelson,Ryan,1,5,['spatial'],1
Craig was a very selfish individual but Kenneth was very generous. _ had a lot of good friends.,"Craig was a very selfish individual but Kenneth was very generous, so the one who had a lot of good friends was _.",Craig,Kenneth,2,2,['social'],1
It took a less time for Katrina to read the book than Cynthia since _ was a better reader.,It took less time for Katrina to read the book than Cynthia since the better reader was _.,Katrina,Cynthia,1,"3, 4","['numerical', 'temporal']",1
"Patricia was called back for a second interview but not Victoria, as _ had failed the background check.","Patricia was called back for a second interview but not Victoria, as the one who had failed the background check was _.",Patricia,Victoria,2,2,['social'],1
Harold liked to play with dolls more than cars because the _ talked back to him.,Harold liked to play with dolls more than cars because the ones that talked back to him were the _.,dolls,cars,1,1,['physical'],1
There was more dirt on the car than the bike because the _ was kept inside.,There was more dirt on the car than the bike because the one kept inside was the _.,bike,car,1,"3, 5","['numerical', 'spatial']",1
There was more dirt on the car than the bike because the _ was kept outside.,There was more dirt on the car than the bike because the one kept outside was the _.,bike,car,2,3,['numerical'],1
"Michael was a very calm person with yoga but Jeffrey was hyper so, _ decided to take a yoga class.","Michael was a very calm person with yoga but Jeffrey was hyper, so the one who decided to take a yoga class was _.",Michael,Jeffrey,2,1,['physical'],1
Going to a restaurant is something that Patricia does very often but Carrie rarely goes to one because _ is a very bad cook.,Going to a restaurant is something that Patricia does very often but Carrie rarely goes to one because the cooking is poor when done by _.,Patricia,Carrie,1,2,['social'],1
Going to a restaurant is something that Patricia does very often but Carrie rarely goes to one because _ is a very good cook.,Going to a restaurant is something that Patricia does very often but Carrie rarely goes to one because the cooking is good when done by _.,Patricia,Carrie,2,2,['social'],1
"Eric went to Leslie's house to play with the new dog, but there was no answer. _ was at the park.","Eric went to Leslie's house to play with the new dog, but there was no answer because at the park was the _.",Eric,Leslie,2,5,['spatial'],1
Jessica spends a lot more money on frivolous things than Rachel because _ has more disposable income.,Jessica spends a lot more money on frivolous things than Rachel because the person with more disposable income is _.,Jessica,Rachel,1,3,['numerical'],1
Ian won a fish from Kenneth at the carnival so _ bagged it up and sent it home.,"Ian won a fish from Kenneth at the carnival, so it was bagged up and sent home by _.",Ian,Kenneth,2,2,['social'],1
The hotline was staffed by Christine when Tanya called in because _ was a volunteer.,"Christine was the one staffing the hotline when Tanya called, and that was because the volunteer was _.",Christine,Tanya,1,2,['social'],1
Steven helped Derrick do research on the paper because _ did not have access to the internet.,Steven helped Derrick do research on the paper because there was no internet access for _.,Steven,Derrick,2,2,['social'],1
Steven helped Derrick do research on the paper because _ had access to the internet.,Steven helped Derrick do research on the paper because there was internet access for _.,Steven,Derrick,1,2,['social'],1
Joel got advice on buying stocks from his cousin Bob while Eric used a broker. _ had a virtually worthless portfolio of companies.,Joel got advice on buying stocks from his cousin Bob while Eric used a broker. The one with a virtually worthless portfolio of companies was _.,Joel,Eric,1,2,['social'],1
"Dennis is changing the sand in a pool filter for Joseph, because _ is a bit lazy.","Dennis is changing the sand in a pool filter for Joseph, because the one who is a bit lazy is _.",Dennis,Joseph,2,2,['social'],1
Hunter gave Justin two weeks to respond after sending him a demand letter. .After that _ will sue him in the court.,Hunter gave Justin two weeks to respond after sending him a demand letter. After that he will be sued in court by _.,Hunter,Justin,1,"2, 4","['social', 'temporal']",1
"It took a minute longer to melt the chocolate in the microwave than the caramel, because the _ was very soft.",It took a minute longer to melt the chocolate in the microwave than the caramel because of the softness of the _.,chocolate,caramel,2,1,['physical'],1
"It took a minute longer to melt the chocolate in the microwave than the caramel, because the _ was very firm.",It took a minute longer to melt the chocolate in the microwave than the caramel because of the firmness of the _.,chocolate,caramel,1,1,['physical'],1
They discussed the company's budget at the business meeting but the _ was boring and the topic of the budget ran long.,They discussed the company's budget at the business meeting but the topic of the budget ran long and everyone was bored with the _.,budget,meeting,2,2,['social'],1
"Randy only ever added a little bit of hot sauce to his food, especially compared to Adam, as _ was much more sensitive to spice.","Randy only ever added a little bit of hot sauce to his food, especially compared to Adam, as the one who was much more sensitive to spice was _.",Randy,Adam,1,3,['numerical'],1
The snow came down so much that Michael had to go plow Kevins driveway because _ needed the help of his neighbors.,The snow came down so much that Michael had to go plow Kevin's driveway because the help of his neighbors was needed by _.,Michael,Kevin,2,2,['social'],1
Police arrested Maria but let Cynthia go as _ had some paint on their hand from the spray paint used for graffiti.,Police arrested Maria but let Cynthia go as they found some paint from the spray paint used for graffiti on the hand of _.,Maria,Cynthia,1,2,['social'],1
Police arrested Maria but let Cynthia go as _ had no paint on their hand from the spray paint used for graffiti.,Police arrested Maria but let Cynthia go as they found no paint from the spray paint used for graffiti on the hand of _.,Maria,Cynthia,2,1,['physical'],1
Jeffrey went to the doctor to treat their ailments but not Robert so _ became sicker.,Jeffrey went to the doctor to treat their ailments but not Robert which led to more severe illness for _.,Jeffrey,Robert,2,2,['social'],1
"Maria asked Cynthia if she could borrow some fuel for her car, as _ had a shortage of it.","Maria asked Cynthia if she could borrow some fuel for her car, as the shortage of it affected _.",Maria,Cynthia,1,2,['social'],1
"In the accident the vehicle of Nelson received more damage than that of Justin, since _ vehicle was smaller.","In the accident the vehicle of Nelson received more damage than that of Justin, since the smaller vehicle belonged to _.",Nelson,Justin,1,1,['physical'],1
"In the accident the vehicle of Nelson received more damage than that of Justin, since _ vehicle was bigger.","In the accident the vehicle of Nelson received more damage than that of Justin, since the bigger vehicle belonged to _.",Nelson,Justin,2,1,['physical'],1
"Monica is looking to buy some new furniture and Carrie just bought some, so _ is starting to anticipate their purchase arrival.","Monica is looking to buy some new furniture and Carrie just bought some, so the one starting to anticipate their purchase arrival is _.",Monica,Carrie,2,4,['temporal'],1
Aaron showed Donald how to use google play on an android because _ owned an apple phone.,Aaron showed Donald how to use Google Play on an Android because the Apple phone owner was _.,Aaron,Donald,2,1,['physical'],1
"Derrick really liked working in Human Resources and William wanted to work at the same company, and _ subsequently offered a position.","Derrick really liked working in Human Resources and William wanted to work at the same company, and a position was subsequently offered to _.",Derrick,William,1,2,['social'],1
The woman practiced for her interview and not for the sport since the _ was expedient.,The woman practiced for her interview and not for the sport since she recognized the expedience of the _.,interview,sport,1,"2, 4","['social', 'temporal']",1
"The boot was removed from the car tire and put on the truck tire, since the _ was now illegally parked.",The boot was removed from the car tire and put on the truck tire because the illegally parked vehicle was now the _.,car,truck,2,1,['physical'],1
"I have both glasses and contacts, but the cleaning solution was empty so I wore the _ today.","I have both glasses and contacts, but the cleaning solution was empty so today I wore the _.",glasses,contacts,1,1,['physical'],1
Jane loved travelling internationally. The current country she was in preferred wine over tea because the _ was less available.,Jane loved travelling internationally. The current country she was in preferred wine over tea because of the low availability of the _.,wine,tea,2,3,['numerical'],1
"Adam loved dogs but Jason was afraid of them, so only _ petted the poodle.","Adam loved dogs but Jason was afraid of them, so the only one who petted the poodle was _.",Adam,Jason,1,2,['social'],1
"Elena brought the horse to the stables owned by Cynthia, so _ could buy the animal.","Elena brought the horse to the stables owned by Cynthia, so the animal could be bought by _.",Elena,Cynthia,2,5,['spatial'],1
"Elena brought the horse to the stables owned by Cynthia, so _ could sell the animal.","Elena brought the horse to the stables owned by Cynthia, so the animal could be sold by _.",Elena,Cynthia,1,5,['spatial'],1
Kevin was worried about Eric's infections so _ decided to go to an emergency clinic.,Kevin was worried about Eric's infections so the decision to go to an emergency clinic was made by _.,Kevin,Eric,2,2,['social'],1
The bird squawked at Mary's rushed approached and quieted when Jennifer came in since _ was threatening.,"Mary's rushed approach made the bird squawk, and it quieted when Jennifer came in, since it sensed a threat from _.",Mary,Jennifer,1,1,['physical'],1
People do not want to eat James burnt cake but they love his burger because the _ is tasteless.,People do not want to eat James burnt cake but they love his burger because of how tasteless the _ is.,cake,burger,1,1,['physical'],1
John painted the pole red close to the color of the wall and painted the frame white and now the _ is contrasting.,"John painted the pole red close to the color of the wall and painted the frame white, so the one that is now contrasting is the _.",frame,pole,1,1,['physical'],1
Mark preferred his drinks in paper cups over styrofoam cups because the _ are strong.,Mark preferred his drinks in paper cups over styrofoam cups because of the strength of the _.,styrofoam cups,paper cups,2,1,['physical'],1
Monica had trouble paying off their loan unlike Sarah because _ was an infrequent gambler.,"Monica had trouble paying off their loan unlike Sarah, because the infrequent gambler was _.",Monica,Sarah,2,2,['social'],1
"Derrick was sad that Robert did not show up, _ forgot they had an agreement to meet each other.","Derrick was sad that Robert did not show up, as they had an agreement to meet each other that was forgotten by _.",Derrick,Robert,2,2,['social'],1
She suspected that her old makeup had expired after she put it on her skin because her _ was harder.,"She suspected that her old makeup had expired after she put it on her skin, because what felt harder was her _.",makeup,skin,1,1,['physical'],1
"Kevin drew the blood from Ian's arm, because _ was giving it to do some tests.","Kevin drew the blood from Ian's arm, because the person who was giving it to do some tests was _.",Kevin,Ian,2,1,['physical'],0
"Sookie roasted a turkey and served it with potatoes instead of carrots, because everyone in her family would have hated the _ .","Sookie roasted a turkey and served it with potatoes instead of carrots, because everyone in her family would have hated the _.",carrots,potatoes,1,2,['social'],1
They were wanting  to move the bed thru the door. The _ was way to small.,"They were wanting to move the bed through the door, but the problem was the small size of the _.",door,bed,1,"1, 5","['physical', 'spatial']",1
"Logan ended the one-side relationship they were having with Robert, which made _ feel relieved.",It was when Logan ended the one-side relationship they were having with Robert that the feeling of relief came for _.,Logan,Robert,1,2,['social'],1
Erin was eating more than Betty was eating for dinner because _ had a big lunch.,Erin was eating more than Betty for dinner because the one who had a big lunch was _.,Erin,Betty,2,3,['numerical'],1
I chose to drive the car over the truck because the _ had a small amount of gas.,I chose to drive the car over the truck because there was a small amount of gas in the _.,car,truck,2,1,['physical'],1
I chose to drive the car over the truck because the _ had a large amount of gas.,I chose to drive the car over the truck because there was a large amount of gas in the _.,car,truck,1,3,['numerical'],1
Megan didn't care for the comedians show but Patricia thought it was brilliant. _ hung out for the comedian's second set.,"Between Megan, who didn't care for the comedian's show, and Patricia, who thought it was brilliant. The one who hung out for the comedian's second set was _.",Megan,Patricia,2,2,['social'],1
"He liked filling the bucket with the hose better than the faucet, because the _ provided extra water pressure.",He liked filling the bucket with the hose better than the faucet because of the extra water pressure provided by the _.,faucet,hose,2,1,['physical'],1
Diana went to the laundromat and she used the washer but not the dryer because she only had enough money for the _ .,Diana went to the laundromat and she used the washer but not the dryer because she only had enough money for the _ .,washer,dryer,1,3,['numerical'],1
Ben wanted to propose to his girlfriend by hiding the ring in either cake or water. He decided to hide it in the _ because she drank the water fast.,"Ben wanted to propose to his girlfriend by hiding the ring in either cake or water. Because she drank the water fast, he decided to hide it in the _.",cake,water,1,"2, 4","['social', 'temporal']",1
"The woman avoided the hole but easily stepped over the pit, because the _ was very deep.",The woman avoided the hole but easily stepped over the pit because of how deep the _ was.,hole,pit,1,"1, 5","['physical', 'spatial']",1
"The woman avoided the hole but easily stepped over the pit, because the _ was very shallow.",The woman avoided the hole but easily stepped over the pit because of how shallow the _ was.,hole,pit,2,"1, 5","['physical', 'spatial']",1
The lease in the city was more than the lease in the country because the value of the property in the _ was higher.,The lease in the city was more than the lease in the country because the property value was higher in the _.,city,country,1,2,['social'],1
Erin has a teenager whereas Patricia has toddler-age children because _ became a mother first.,Erin has a teenager whereas Patricia has toddler-age children because the first to become a mother was _.,Erin,Patricia,1,4,['temporal'],1
Kayla was very civil when dealing with Emily so that _ would be accepted by her.,Kayla was very civil when dealing with Emily so that acceptance by her would be granted to _.,Kayla,Emily,1,2,['social'],1
"Erin ordered a martini when Tanya only ordered a tonic water with lemon, because _ was pregnant.","Erin ordered a martini when Tanya only ordered a tonic water with lemon, because the one who was pregnant was _.",Erin,Tanya,2,2,['social'],1
The employee tried to put the extra clothes in the closets but the _ were too small.,The employee tried to put the extra clothes in the closets but couldn't due to the small size of the _.,closets,clothes,1,"1, 5","['physical', 'spatial']",1
"I loved my old gifts but not the new dishes, because the _ were so beautiful.","I loved my old gifts but not the new dishes, because of how beautiful I found the _.",gifts,dishes,1,1,['physical'],1
Betty used glue to fix Megan's toy because _ was too young to use superglue.,Betty used glue to fix Megan's toy because the one too young to use superglue was _.,Betty,Megan,2,2,['social'],1
Jason but not Craig asked the company if they were currently hiring because _ has a job.,Jason but not Craig asked the company if they were currently hiring because the one who has a job is _.,Jason,Craig,2,2,['social'],1
"The virus stuck to the clothes better than it stuck to the walls, because the _ had less deterrents on them.",The virus stuck to the clothes better than it stuck to the walls because there were fewer deterrents on the _.,walls,clothes,2,1,['physical'],1
"The virus stuck to the clothes better than it stuck to the walls, because the _ had more deterrents on them.",The virus stuck to the clothes better than it stuck to the walls because there were more deterrents on the _.,walls,clothes,1,1,['physical'],1
"After walking barefooted, James washed his foot in the bowl of water and the _ got dirty.","After walking barefooted, James washed his foot in the bowl of water, and what got dirty was the _.",foot,water,2,1,['physical'],1
"When Benjamin put the family into debt, Adam filed for divorce; then the judge gave _ a sympathetic look.","When Benjamin put the family into debt, Adam filed for divorce; then the judge gave a sympathetic look to _.",Benjamin,Adam,2,2,['social'],1
"When Benjamin put the family into debt, Adam filed for divorce; then the judge gave _ a withering look.","When Benjamin put the family into debt, Adam filed for divorce; then the judge gave a withering look to _.",Benjamin,Adam,1,2,['social'],1
"The box slid down James hand when he was wearing a glove, hence he removed it and lift it again. The _ is dry.","The box slid down James hand when he was wearing a glove, hence he removed it and lift it again. What is dry is the _.",glove,hand,2,1,['physical'],1
"The box slid down James hand when he was wearing a glove, hence he removed it and lift it again. The _ is slippery.","The box slid down James's hand when he was wearing a glove, so he removed it and then lifted the box again, noticing the slippery _.",glove,hand,1,1,['physical'],1
The building's ancient foundation was re-enforced with a steel alloy during the remodel because the _ was strengthening.,The building's ancient foundation was re-enforced with a steel alloy during the remodel due to the strengthening functioning of the _.,foundation,steel,2,1,['physical'],1
When we go hiking I bring my backpack because it has built in water bottles and places for snacks. Today I forgot to fill the _ and was dehydrated.,When we go hiking I bring my backpack because it has built in water bottles and places for snacks. Today I was dehydrated because I forgot to fill the _.,snacks,water bottles,2,1,['physical'],1
Tanya read the contract carefully before signing it but Patricia didn't. _ didn't get ripped off by the shady merchant.,"Tanya read the contract carefully before signing it but Patricia didn't, so the one who didn't get ripped off by the shady merchant was _.",Tanya,Patricia,1,2,['social'],1
"The garbage can smells much worse than the recycling, so the _ is probably a lot more sterile.","The garbage can smells much worse than the recycling, so the more sterile one is probably the _.",garbage,recycling,2,1,['physical'],1
Cynthia ate all of the dessert while Sarah did not have any since _ was not trying to lose any weight.,"While Sarah did not have any dessert, Cynthia ate all of it since the one not trying to lose any weight was _.",Cynthia,Sarah,1,2,['social'],1
Mary went to the office to receive a new card with her photo on it  and discarded a sticker because the _ was temporary.,Mary went to the office to receive a new card with her photo on it and discarded a sticker because the temporary item was the _.,sticker,card,1,1,['physical'],1
"The new cream didn't remove the warts like the last lotion, because the _ was not powerful enough.","The new cream didn't remove the warts like the last lotion, because the less powerful one was the _.",cream,lotion,1,3,['numerical'],1
Adam was cold and Michael was hot so _ removed a heavy jacket to withstand the freezing weather.,"Adam was cold and Michael was hot, so the one who removed a heavy jacket to withstand the freezing weather was _.",Adam,Michael,2,1,['physical'],1
After a short time we stopped pouring the tea glass in the pot because the _ was full.,"After a short time, we stopped pouring the tea from the glass into the pot because it was full, the _.",glass,pot,2,1,['physical'],1
After a short time we stopped pouring the tea glass in the pot because the _ was empty.,"After a short time, we stopped pouring the tea in the pot because it was empty, the _.",glass,pot,1,1,['physical'],1
When the dog behaves I like to give him a sausage otherwise I give him a ball. I gave him the _ since he was bad.,"When the dog behaves I like to give him a sausage otherwise I give him a ball. Since he was bad, I gave him the _.",sausage,ball,2,2,['social'],1
"Erin was sick of the pests like Amy always cutting out their internet, so _ decided to lay low.","Erin was sick of the pests like Amy always cutting out their internet, so the decision to lay low was made by _.",Erin,Amy,2,2,['social'],1
Monica was caught napping in class more often than Katrina because _ stayed up all night.,Monica was caught napping in class more often than Katrina because the one who stayed up all night was _.,Monica,Katrina,1,3,['numerical'],1
The highlands were a lot colder than the beaches because the _ were lower down in elevation.,The highlands were a lot colder than the beaches because of the lower elevation of the _.,highlands,beaches,2,5,['spatial'],1
Jessica was given a sapphire ring by Christine for her birthday because _ really likes sapphires.,Jessica was given a sapphire ring by Christine for her birthday because sapphires were beloved by _.,Jessica,Christine,1,2,['social'],1
The waist of Joel measured more inches than that of Kevin because _ ate much less.,"The waist of Joel measured more inches than that of Kevin, because the one who ate much less was _.",Joel,Kevin,2,3,['numerical'],1
The lips on Cynthia were much bigger than Monica because _ got hit with a softball in the mouth.,The lips on Cynthia were much bigger than Monica's because the one who got hit with a softball in the mouth was _.,Cynthia,Monica,1,"1, 3","['numerical', 'physical']",1
The lips on Cynthia were much smaller than Monica because _ got hit with a softball in the mouth.,The lips on Cynthia were much smaller than Monica's because the one who got hit with a softball in the mouth was _.,Cynthia,Monica,2,1,['physical'],1
John opened the window for air to come him when he was sweating in his bedroom. The _ is cold.,"Whenever John was sweating in his bedroom, he opened the window to let in some air, only to discover it was cold, the _.",bedroom,air,2,1,['physical'],1
"Even though Ian had less of a sweet tooth than Robert, _ liked chocolate more.","Even though Ian had less of a sweet tooth than Robert, chocolate was more beloved by _.",Ian,Robert,1,3,['numerical'],1
"Caroline works in the catering and food wholesale industries, but enjoys food preparation more, so she prefers her work in the _ industry.","Caroline works in the catering and food wholesale industries, but enjoys food preparation more, so the industry she prefers is _.",catering,food wholesale,1,2,['social'],1
"Caroline works in the catering and food wholesale industries, but enjoys food distribution more, so she prefers her work in the _ industry.","Caroline works in the catering and food wholesale industries, but enjoys food distribution more, so the industry she prefers is _.",catering,food wholesale,2,3,['numerical'],1
"Maria never received flowers from the customers unlike Monica, by virtue of _ being polite.","Maria never received flowers from the customers unlike Monica, because of the polite nature of _.",Maria,Monica,2,2,['social'],1
"A very active Randy injured their elbow playing basketball against Lawrence, so _ said sorry.","A very active Randy injured their elbow playing basketball against Lawrence, so sorry was said by _.",Randy,Lawrence,2,2,['social'],1
John sold the three chairs and used the money to buy twelve shoes. The _ were cheaper.,"John sold the three chairs and used the money to buy twelve shoes, as the cheaper ones were the _.",chairs,shoes,2,3,['numerical'],1
John sold the three chairs and used the money to buy twelve shoes. The _ were more expensive.,"John sold the three chairs and used the money to buy twelve shoes, as the more expensive ones were the _.",chairs,shoes,1,3,['numerical'],1
The barista loved to make all types of coffee including iced and hot. The _ coffee was popular in the hotter weathers.,The barista loved to make all types of coffee including iced and hot. The popular coffee in the hotter weather was _.,iced,hot,1,1,['physical'],1
"The apartment that Samantha lived in was a lot smaller than Megan, because _ had a little salary.",The apartment that Samantha lived in was a lot smaller than Megan's because of the little salary earned by _.,Samantha,Megan,1,3,['numerical'],1
The girl put her money in the bag instead of her pocket although the bully would look in the _ .,The girl put her money in the bag instead of her pocket although the bully would look in the _.,pocket,bag,2,2,['social'],1
The girl put her money in her bag instead of her pocket because the bully looked in the _ .,The girl put her money in her bag instead of her pocket because the bully looked in the _.,pocket,bag,1,2,['social'],1
So _ ignores Google to search for information because Betty trusts in it and Cynthia doesn't.,"Betty trusts in Google and Cynthia doesn't, so the one who ignores it to search for information is _.",Betty,Cynthia,2,2,['social'],1
Irena didn't like other people living in something before her so she felt more comfortable buying the house instead of the mansion as the _ was old.,"Irena didn't like other people living in something before her, so she felt more comfortable buying the house instead of the mansion, because the one that was old was the _.",house,mansion,2,1,['physical'],1
Kevin was not able to run fast compared to William because _ had no broken bones in his body.,Kevin was not able to run fast compared to William because there were no broken bones in the body of _.,Kevin,William,2,1,['physical'],1
I did not see the sign on the billboard on the highway because  the _ was too huge.,I did not see the sign on the billboard on the highway because of how huge the _ was.,sign,billboard,2,"1, 5","['physical', 'spatial']",1
I did not see the sign on the billboard on the highway because the _ was too tiny.,I did not see the sign on the billboard on the highway because of how tiny the _ was.,sign,billboard,1,1,['physical'],1
"After Logan pitched a ball that got clobbered for a home run by Justin in a baseball game, _ felt exultant.","After Logan pitched a ball that got clobbered for a home run by Justin in a baseball game, a surge of exultancy was felt by _.",Logan,Justin,2,2,['social'],1
Joel complained to Ian about the condition of the house. _ preferred a messy space.,Joel complained to Ian about the condition of the house. The one who preferred a messy space was _.,Joel,Ian,2,2,['social'],1
"The doctor suggested alternating between ice and a heating pad when I strained a muscle, but he warned me to not let the _ get too warm.","The doctor suggested alternating between ice and a heating pad when I strained a muscle, but he warned me that what should not get too warm was the _.",ice,pad,2,1,['physical'],1
"The doctor suggested alternating between ice and a heating pad when I strained a muscle, but he warned me to not let the _ get too cold.","The doctor suggested alternating between ice and a heating pad when I strained a muscle, but he warned me that what should not get too cold was the _.",ice,pad,1,1,['physical'],1
"Benjamin has a spouse and Kyle is single after being divorced, so _ is celebrating their independence this year.","Benjamin has a spouse and Kyle is single after being divorced, so the one celebrating their independence this year is _.",Benjamin,Kyle,2,2,['social'],1
Carrie was helping Patricia diet and exercise at the gym to lose weight because _ used to be overweight.,Carrie was helping Patricia diet and exercise at the gym to lose weight because the one who used to be overweight was _.,Carrie,Patricia,1,2,['social'],1
I had to rake more leaves at the house than at the office because there were more trees at the _ .,I had to rake more leaves at the house than at the office because there were more trees at the _.,house,office,1,1,['physical'],1
"Tommy was able to carry the tripod himself, but his friend had to help him carry the camera because the _ was heavier.","Tommy was able to carry the tripod himself, but his friend had to help him carry the camera because the heavier one was the _.",camera,tripod,1,"1, 3","['numerical', 'physical']",1
"Tommy was able to carry the tripod himself, but his friend had to help him carry the camera because the _ was lighter.","Tommy was able to carry the tripod himself, but his friend had to help him carry the camera because the lighter item was the _.",camera,tripod,2,"1, 3","['numerical', 'physical']",1
The dog ran into the bedroom during the rainstorm while we stayed in the kitchen because the rain was louder in the _ .,The dog ran into the bedroom during the rainstorm while we stayed in the kitchen because the rain was louder in the _.,kitchen,bedroom,1,5,['spatial'],1
Lindsey was considered more masculine than Amy because every year _ went into the woods to French kiss deer.,"Lindsey was considered more masculine than Amy, because the person who went into the woods to French kiss deer every year was _.",Lindsey,Amy,2,2,['social'],1
Cynthia had to pee after one large coffee but Betty did not as _ had a very big bladder.,Cynthia had to pee after one large coffee but Betty did not because of the very big bladder of _.,Cynthia,Betty,2,1,['physical'],1
Cynthia had to pee after one large coffee but Betty did not as _ had a very small bladder.,Cynthia had to pee after one large coffee but Betty did not because of the very small bladder of _.,Cynthia,Betty,1,1,['physical'],1
The remote control worked better than the toy car because the batteries in the _ were fresher.,The remote control worked better than the toy car because the batteries were fresher in the _.,remote control,toy car,1,3,['numerical'],1
"The TV that Samantha bought costs more than that of Carrie, because _ was poor.","The TV that Samantha bought costs more than that of Carrie, because the one who was poor was _.",Samantha,Carrie,2,3,['numerical'],1
Carrie had an easier time crawling through the narrow tunnel than Patricia because _ was larger.,Carrie had an easier time crawling through the narrow tunnel than Patricia because the larger person was _.,Carrie,Patricia,2,"1, 5","['physical', 'spatial']",1
Cynthia gave a rabbit as a companion to Carrie because _ thought they were lonely.,A rabbit was given as a companion to Carrie by Cynthia because the one who sensed loneliness was _.,Cynthia,Carrie,1,2,['social'],1
Cynthia gave a rabbit as a companion to Carrie because _ explained they were lonely.,"Cynthia gave a rabbit as a companion to Carrie, after hearing the explanation of loneliness from _.",Cynthia,Carrie,2,2,['social'],1
Smoke still rose from the house but had subsided at the barn.  The fire was doused at the _ .,Smoke still rose from the house but had subsided at the barn.  The fire was doused at the _ .,house,barn,2,4,['temporal'],1
"Although William liked animals less overall than Justin, _ couldn't stand to be around hamsters.","Although William liked animals less overall than Justin, the one who couldn't stand to be around hamsters was _.",William,Justin,2,3,['numerical'],1
"Katrina drove Emily to the prison, so that _ could say goodbye to them before they went to jail.","Katrina drove Emily to the prison so that, before they went to jail, the person that could say goodbye to them was _.",Katrina,Emily,1,2,['social'],1
"Nick struggled with unresolved trauma that Ian couldn't understand, since _ had never experienced childhood abuse.","Nick struggled with unresolved trauma that Ian couldn't understand, since the person who had never experienced childhood abuse was _.",Nick,Ian,1,2,['social'],1
The stain in the bucket could not be cleaned with the brush because the _ is soft.,The stain in the bucket could not be cleaned with the brush because of how soft the _ is.,stain,brush,2,1,['physical'],1
The stain in the bucket could not be cleaned with the brush because the _ is tough.,The stain in the bucket could not be cleaned with the brush because of how tough the _ is.,stain,brush,1,1,['physical'],1
"Samantha was not interested in hearing about Tanya awesome marriage, because _ was happy all the time.","Samantha was not interested in hearing about Tanya's awesome marriage, because the one who was happy all the time was _.",Samantha,Tanya,2,2,['social'],1
"Samantha wanted to reduce smoking by relying on a new nicotine patch and therapy video, but the _ was boring.","Samantha wanted to reduce smoking by relying on a new nicotine patch and therapy video, but what she found to be boring was the _.",patch,video,2,1,['physical'],1
Craig had a slower running phone than Logan because _ had more apps running on theirs.,Craig had a slower running phone than Logan because the person with more apps running on theirs was _.,Craig,Logan,1,3,['numerical'],1
Craig had a faster running phone than Logan because _ had more apps running on theirs.,Craig had a faster running phone than Logan because the person with more apps running on theirs was _.,Craig,Logan,2,3,['numerical'],1
"The roof would have to be repaired using tarps or shingles before the storm comes. The _ are a temporary fix, though.","Before the storm comes, the roof would have to be repaired using tarps or shingles, though the temporary fix is the _.",tarps,shingles,1,1,['physical'],1
Betty had more burns on their hands than Amy because _ worked as a welder.,Betty had more burns on their hands than Amy because the one who worked as a welder was _.,Betty,Amy,1,3,['numerical'],1
"Mary wanted to surprise Cynthia with a puppy for Christmas, so _ asked about allergies to dogs.","Mary wanted to surprise Cynthia with a puppy for Christmas, so the one who asked about allergies to dogs was _.",Mary,Cynthia,1,2,['social'],1
"Keeping the doors closed and the windows opened kept the apartment cool , because the _ let out the heat.","eeping the doors closed and the windows open kept the apartment cool, because the heat was let out by the _.",doors,windows,2,"1, 5","['physical', 'spatial']",1
"Keeping the doors closed and the windows opened kept the apartment cool , because the _ kept out the heat.","Keeping the doors closed and the windows open kept the apartment cool, because the heat was kept out by the _.",doors,windows,1,1,['physical'],1
"Samuel had a shorter expected lifespan than Kenneth, so _ procrastinated in following all their dreams.","Samuel had a shorter expected lifespan than Kenneth, so the one who procrastinated in following all their dreams was _.",Samuel,Kenneth,2,"3, 4","['numerical', 'temporal']",1
The personal trainer gave Laura but not Victoria the more difficult exercise because _ was in shape.,The personal trainer gave Laura but not Victoria the more difficult exercise because the one who was in shape was _.,Laura,Victoria,1,2,['social'],1
The personal trainer gave Laura but not Victoria the more difficult exercise because _ was out of shape.,The personal trainer gave Laura but not Victoria the more difficult exercise because the one who was out of shape was _.,Laura,Victoria,2,2,['social'],1
If I want to build a swing should I build it out of wood or use a tire? It seems like the _ would get dirty and gross inside.,If I want to build a swing should I build it out of wood or use a tire? It seems that the one that would dirty and gross inside is the _.,tire,wood,1,1,['physical'],1
If I want to build a swing should I build it out of wood or use a tire? It seems like the _ would get rotten eventually.,If I want to build a swing should I build it out of wood or use a tire? It seems that the one that would get rotten eventually is the _.,tire,wood,2,1,['physical'],1
The chef added butter to the pan on the stove and it began to melt right away because the _ was hot.,The chef added butter to the pan on the stove and it began to melt right away because of how hot the _ was.,pan,butter,1,1,['physical'],1
The chef added butter to the pan on the stove and it began to melt right away because the _ was soft.,The chef added butter to the pan on the stove and it began to melt right away because of how soft the _ was.,pan,butter,2,1,['physical'],1
The sink in the bathroom looked good but the toilet was leaking so James kept the _ .,The sink in the bathroom looked good but the toilet was leaking so James kept the _ .,toilet,sink,2,1,['physical'],1
Benjamin had less piercings than Jeffrey did so it was harder for _ to get a job.,"Because Benjamin had fewer piercings than Jeffrey did, it was harder to get a job for _.",Benjamin,Jeffrey,2,"2, 3","['numerical', 'social']",1
"Rachel wanted children, but Megan had no interest, so _ looked for someone else to have freedom with.","Rachel wanted children, but Megan had no interest, so the one who looked for someone else to have freedom with was _.",Rachel,Megan,2,2,['social'],1
Joe drank his milk and tried to dunk his cookie in the glass but the _ was too small.,Joe drank his milk and tried to dunk his cookie in the glass but what was too small was the _.,cookie,glass,2,"1, 5","['physical', 'spatial']",1
Joe drank his milk and tried to dunk his cookie in the glass but the _ was too big.,Joe drank his milk and tried to dunk his cookie in the glass but what was too big was the _.,cookie,glass,1,"1, 5","['physical', 'spatial']",1
"The bank permitted Michael to open a checking account, but not Matthew, because _ was employed.","The bank permitted Michael to open a checking account, but not Matthew, because the one who was employed was _.",Michael,Matthew,1,2,['social'],1
"The bank permitted Michael to open a checking account, but not Matthew, because _ was unemployed.","The bank permitted Michael to open a checking account, but not Matthew, because the one who was unemployed was _.",Michael,Matthew,2,2,['social'],1
"The children were not vaccinated, which was fine with Betty but annoyed Mary. _ knew they didn't make kids autistic.","The children were not vaccinated, which was fine with Betty but annoyed Mary. The one who knew they didn't make kids autistic was _.",Betty,Mary,2,2,['social'],1
"The children were not vaccinated, which was fine with Betty but annoyed Mary. _ believed they made kids autistic.","The children were not vaccinated, which was fine with Betty but annoyed Mary. The one who believed they made kids autistic was _.",Betty,Mary,1,2,['social'],1
Donna needed dentures or implants for her bad teeth. She chose the _ because they are cheaper.,"Donna needed dentures or implants for her bad teeth and because they are cheaper, she chose the _.",dentures,implants,1,3,['numerical'],1
Donna needed dentures or implants for her bad teeth. She chose the _ because they are permanent.,"Donna needed dentures or implants for her bad teeth and because they are permanent, she chose the _.",dentures,implants,2,1,['physical'],1
"We were going fishing out on the dock later in the day after we couldn't all fit in the boat, because the _ was confined.","We were going fishing out on the dock later in the day after we couldn't all fit in the boat, due to how confined the _ was.",dock,boat,2,1,['physical'],1
"Natalie tended to wear their hair in a ponytail, while Maria wasn't able to, because _ had long hair.","Natalie tended to wear their hair in a ponytail, while Maria wasn't able to, because of how long the hair of _ was.",Natalie,Maria,1,1,['physical'],1
"The pine trees were still green in December, but the oak trees were not, because the _ keep their leaves in fall.","The pine trees were still green in December, but the oak trees were not, because the trees that keep their leaves in the fall are the _.",oak trees,pine trees,2,1,['physical'],1
"The pine trees were still green in December, but the oak trees were not, because the _ lose their leaves in fall.","The pine trees were still green in December, but the oak trees were not, because the trees that lose their leaves in the fall are the _.",oak trees,pine trees,1,"1, 4","['physical', 'temporal']",1
"Joel had many extra possesions while Neil didn't, so _ had to rent a storage shed.","Joel had many extra possessions while Neil didn't, so the one who had to rent a storage shed was _.",Joel,Neil,1,3,['numerical'],1
"Joel had many extra possesions while Neil didn't, so _ didn't have to rent a storage shed.","Joel had many extra possessions while Neil didn't, so the one who didn't have to rent a storage shed was _.",Joel,Neil,2,3,['numerical'],1
"Jeffrey thought Craig probably had gum and asked for a piece, because _ had fresh breath.","Jeffrey thought Craig probably had gum and asked for a piece, because of the fresh breath that _ had.",Jeffrey,Craig,2,1,['physical'],1
"Jeffrey thought Craig probably had gum and asked for a piece, because _ had bad breath.","Jeffrey thought Craig probably had gum and asked for a piece, because of the bad breath that _ had.",Jeffrey,Craig,1,2,['social'],1
Benjamin was able to use their device for longer than Steven because _ remembered to bring their charger.,Benjamin was able to use their device for longer than Steven because the one who remembered to bring their charger was _.,Benjamin,Steven,1,3,['numerical'],1
Laura was thrilled to get their lip pierced but Rachel was pretty scared. _ had theirs done and cried.,Laura was thrilled to get their lip pierced but Rachel was pretty scared. The one who cried after having theirs done was _.,Laura,Rachel,2,2,['social'],1
"The wound responded quickly to the rubbing alcohol, but slowly to the ointment because the _ is more efficient.","The wound responded quickly to the rubbing alcohol, but slowly to the ointment because what is more efficient is the _.",rubbing alcohol,ointment,1,1,['physical'],1
"She decided to report the accident and the burglary, but the _ required much more investigation.","She decided to report the accident and the burglary, but the one that required much more investigation was the _.",burglary,accident,1,2,['social'],1
"She decided to report the accident and the burglary, but the _ required much less investigation.","She decided to report the accident and the burglary, but the one that required much less investigation was the _.",burglary,accident,2,2,['social'],1
Brian informed Aaron that their coach had scheduled an extra event on Saturday morning since _ was present at yesterday's practice.,Brian informed Aaron that their coach had scheduled an extra event on Saturday morning since the person present at yesterday's practice was _.,Brian,Aaron,1,2,['social'],1
For work I can either get there by car or bicycle. I'm going to take the _ today because the weather is supposed to be rainy.,"For work I can either get there by car or bicycle. Because the weather is supposed to be rainy today, I'm going to take the _.",bicycle,car,2,1,['physical'],1
"Of the two owners, Jessica was far worse than Jennifer, because _ like to beat the dogs.","Of the two owners, Jessica was far worse than Jennifer because the one who liked to beat the dogs was _.",Jessica,Jennifer,1,2,['social'],1
The handle of the spoon was submerged in the cup of tea because the _ is short.,The handle of the spoon was submerged in the cup of tea because of how short the _ is.,cup,spoon,2,"1, 5","['physical', 'spatial']",1
The water in the car was cooler than the water in the truck because the engine in the _ had run more recently.,The water in the car was cooler than the water in the truck because the engine had run more recently in the _.,truck,car,1,1,['physical'],1
The water in the car was hotter than the water in the truck because the engine in the _ had run more recently.,The water in the car was hotter than the water in the truck because the engine had run more recently in the _.,truck,car,2,"1, 4","['physical', 'temporal']",1
The color of the paint was quite pleasing to Jessica however Natalie believed it to be too bright. _ painted their room with a subdued color paint.,"The color of the paint was quite pleasing to Jessica, but Natalie thought it too bright, so the one who painted their room with a subdued color paint was _.",Jessica,Natalie,2,2,['social'],1
Research came easy to Monica as compared to Erin because _ 's father was a landscaper.,Research came easy to Monica as compared to Erin because the one whose father was a landscaper was _.,Monica,Erin,2,2,['social'],1
"Because of his rash, he opted not to wash with soap but with oil, as the _ would soothe it.","Because of his rash, he opted not to wash with soap but with oil, as what would soothe it was the _.",soap,oil,2,1,['physical'],1
James took out a seat from his office to create more space. The _ is too big.,James took out a seat from his office to create more space. What is too big is the _.,seat,office,1,1,['physical'],1
His addiction was getting bad so they handed him over to therapy and stopped taking medicine since the _ was cheaper.,"His addiction was getting bad, so they handed him over to therapy and stopped taking medicine, since the cheaper option was the _.",therapy,medicine,1,3,['numerical'],1
It was easier for the diner to follow their budget than the food truck because the _ had more money to spend.,"It was easier for the diner to follow their budget than the food truck, as the one who had more money to spend was the _.",diner,food truck,1,3,['numerical'],1
It was easier for the diner to follow their budget than the food truck because the _ had less money to spend.,"It was easier for the diner to follow their budget than the food truck, as the one who had less money to spend was the _.",diner,food truck,2,3,['numerical'],1
"Donald stuck his nose up and scoffed at William's ragged outfit, because _ looked like the working class.",Donald stuck his nose up and scoffed at William's ragged outfit because the one who looked like the working class was _.,Donald,William,2,2,['social'],1
"We didn't get the biscuits this morning before school, so I ordered an omelet instead of a hash brown as the _ would make me hungry.","We didn't get the biscuits this morning before school, so I ordered an omelet instead of a hash brown because what would make me hungry was the _.",omelet,hash brown,2,1,['physical'],1
"We didn't get the biscuits this morning before school, so I ordered an omelet instead of a hash brown as the _ would make me full.","We didn't get the biscuits this morning before school, so I ordered an omelet instead of a hash brown because what would make me full was the _.",omelet,hash brown,1,1,['physical'],1
Brett threw away all the soda and junk food to reduce Leslie's dependence on unhealthy foods because _ cares for his health.,"Brett threw away all the soda and junk food to reduce Leslie's dependence on unhealthy foods, because the one who cares for his health is _.",Brett,Leslie,1,2,['social'],1
Gem needed both therapy and medicines to cope with her broken leg. She preferred the _ because it was painless.,"Gem needed both therapy and medicines to cope with her broken leg. Because it was painless, he preferred the _.",medicine,therapy,1,1,['physical'],1
Neil told Lawrence that he was training to be a race car driver.  _ was worried about him.,"Neil told Lawrence that he was training to be a race car driver, and the person who was worried about him was _.",Neil,Lawrence,2,2,['social'],1
"the water poured freely into the hole until it disappeared , the _ was  little.","the water poured freely into the hole until it disappeared , because of how little the _ was.",hole,water,2,3,['numerical'],1
"the water poured freely into the hole until it disappeared , the _ was deep.","the water poured freely into the hole until it disappeared , because of how deep the _ was.",hole,water,1,1,['physical'],1
"Elena was an excellent flight attendant when Sarah boarded the plane with a fear of flying because, _ was able to overcome their fears.","Elena was an excellent flight attendant when Sarah boarded the plane with a fear of flying, because the one who was able to overcome their fears was _.",Elena,Sarah,2,2,['social'],1
Carla start doing sit-ups and pushups for her weak spots. The _ are for her abs.,"Carla started doing sit-ups and pushups for her weak spots, and the exercises that are specifically for her abs are the _.",sit-ups,pushups,1,1,['physical'],1
Carla start doing sit-ups and pushups for her weak spots. The _ are for her chest.,"Carla started doing sit-ups and pushups for her weak spots, and the exercises that are specifically for her chest are the _.",sit-ups,pushups,2,1,['physical'],1
Dennis invited Joseph on a trip to the hatchery tomorrow morning because _ was also interested in fish.,Dennis invited Joseph on a trip to the hatchery tomorrow morning because the person who was also interested in fish was _.,Dennis,Joseph,2,2,['social'],1
The man finally decided to become a guardian for the child at the orphanage because the _ was loving.,The man finally decided to become a guardian for the child at the orphanage because of how loving the _ was.,orphanage,guardian,2,2,['social'],1
"Megan wrote on the paper with a pencil unlike Jennifer who wrote with a pen, because _ wanted to erase it later.","Megan wrote on the paper with a pencil unlike Jennifer who wrote with a pen, because the one wanting to erase it later was _.",Megan,Jennifer,1,1,['physical'],1
"Megan wrote on the paper with a pencil unlike Jennifer who wrote with a pen, because _ wanted to keep it for later.","Megan wrote on the paper with a pencil unlike Jennifer who wrote with a pen, because the one wanting to keep it for later was _.",Megan,Jennifer,2,1,['physical'],1
Joseph wanted to sell lemonade at a stand in the summer months instead of the spring months since people in the _ would be thirstier.,"Joseph wanted to sell lemonade at a stand in the summer months instead of the spring months, assuming people would be thirstier in the _ months.",summer,spring,1,"1, 4","['physical', 'temporal']",1
"After a boring meeting, Monica closed her eyes and dozed while Carrie took a walk, as _ had gone to bed late the night before.","After a boring meeting, Monica closed her eyes and dozed while Carrie took a walk, because the one who had gone to bed late the night before was _.",Monica,Carrie,1,4,['temporal'],1
"After a boring meeting, Monica closed her eyes and dozed while Carrie took a walk, as _ had gone to bed early the night before.","After a boring meeting, Monica closed her eyes and dozed while Carrie took a walk, because the one who had gone to bed early the night before was _.",Monica,Carrie,2,4,['temporal'],1
"My mom didn't fit the shape into the painting, because the _ was too complete.",My mom didn't fit the shape into the painting because of how complete the _ was.,shape,painting,2,"1, 5","['physical', 'spatial']",1
Jason was at practice all the time to try and get better than Christopher. _ needed more practice.,Jason was at practice all the time to try and get better than Christopher. The one needing more practice was _.,Jason,Christopher,1,3,['numerical'],1
The team won a trophy instead of a plaque as a result of hard times as the _ was cheap to make.,"Due to hard times, the team won a trophy instead of a plaque since it was cheaper to make the _.",trophy,plaque,1,1,['physical'],1
Megan liked to read a book good more than Samantha because _ liked the peace and quiet.,Megan liked to read a book more than Samantha because the one who liked the peace and quiet was _.,Megan,Samantha,1,2,['social'],1
Megan liked to read a book good more than Samantha because _ hated the peace and quiet.,Megan liked to read a book more than Samantha because the one who hated the peace and quiet was _.,Megan,Samantha,2,2,['social'],1
"Late at night, Rebecca was more tired than Jessica so _ was unable to go right to sleep.","Late at night, Rebecca was more tired than Jessica, so the one who was unable to go right to sleep was _.",Rebecca,Jessica,2,3,['numerical'],1
"Late at night, Rebecca was more tired than Jessica so _ was able to go right to sleep.","Late at night, Rebecca was more tired than Jessica, so the one who was able to go right to sleep was _.",Rebecca,Jessica,1,3,['numerical'],1
The woman pierced the customer's tongue with a needle before piercing his nose because the _ was numb.,The woman pierced the customer's tongue with a needle before piercing his nose because the area that was numb was the _.,tongue,nose,1,1,['physical'],1
The woman pierced the customer's tongue with a needle before piercing his nose because the _ was still sensitive.,The woman pierced the customer's tongue with a needle before piercing his nose because the area that was still sensitive was the _.,tongue,nose,2,1,['physical'],1
Starting the engine of the car took less time unlike the truck since the _ 's engine was working at the time.,Starting the engine of the car took less time unlike the truck since the engine working at the time was that of the _.,car,truck,1,4,['temporal'],1
"Neil used a chainsaw to cut down the tree instead of a regular saw like William, because _ believed in modern equipment.","Neil used a chainsaw to cut down the tree instead of a regular saw like William, because the one who believed in modern equipment was _.",Neil,William,1,1,['physical'],1
Justin usually paid for the gas when Craig always said he was broke. _ was generous.,"Justin usually paid for the gas when Craig always said he was broke, so the generous person was _.",Justin,Craig,1,2,['social'],1
Erin loved people and wanted to help them while Katrina loved to help animals. _ volunteered at the local shelter.,"Erin loved people and wanted to help them, while Katrina loved to help animals. The one who volunteered at the local shelter was _.",Erin,Katrina,2,2,['social'],1
Dennis did not enjoy their afternoon but Hunter did because _ left work after the sunset.,Dennis did not enjoy their afternoon but Hunter did because the one who left work after the sunset was _.,Dennis,Hunter,1,4,['temporal'],1
"We were making orange jack o lanterns and  bought candles to put in the oranges, the candles did not fit. The _ were too big.","We were making orange jack o lanterns and  bought candles to put in the oranges, the candles did not fit because of how big the _ were.",candles,oranges,1,"1, 5","['physical', 'spatial']",1
Neil put the finishing touches on the android as he sold it off to Brian because _ was an engineer.,Neil put the finishing touches on the android as he sold it off to Brian because the one who was an engineer was _.,Neil,Brian,1,2,['social'],1
"Beautiful to Angela means something physical, while it's mental to Emily, so _ is deeper.","Beautiful to Angela means something physical, while it's mental to Emily, so the person that is deeper is _.",Angela,Emily,2,1,['physical'],1
"Beautiful to Angela means something physical, while it's mental to Emily, so _ is shallower.","Beautiful to Angela means something physical, while it's mental to Emily, so the person that is shallower is _.",Angela,Emily,1,1,['physical'],1
I was wearing wool socks when I went to try on my new boots but I couldn't get them on because the _ were too small.,I was wearing wool socks when I went to try on my new boots but couldn't get them on because of how small the _ were.,boots,socks,1,1,['physical'],1
I was wearing wool socks when I went to try on my new boots but I couldn't get them on because the _ were too large.,I was wearing wool socks when I went to try on my new boots but couldn't get them on because of how large the _ were.,boots,socks,2,1,['physical'],1
The hair stylist gave Laura hair extensions and not Katrina because _ had very short hair.,"The hair stylist gave Laura hair extensions and not Katrina, as the person who had very short hair was _.",Laura,Katrina,1,1,['physical'],1
Monica did not need a recipe in order to mix a cake but Angela did because _ was an instinctive baker.,Monica did not need a recipe in order to mix a cake but Angela did because the instinctive baker was _.,Monica,Angela,1,2,['social'],1
"Craig had cereal for breakfast while Dennis had a shake, so _ finished drinking their breakfast.","Craig had cereal for breakfast while Dennis had a shake, so the one who finished drinking their breakfast was _.",Craig,Dennis,2,1,['physical'],1
"Craig had cereal for breakfast while Dennis had a shake, so _ finished eating their breakfast.","Craig had cereal for breakfast while Dennis had a shake, so the one who finished eating their breakfast was _.",Craig,Dennis,1,4,['temporal'],1
He made a few dishes to serve. One was a salad and the other was a steak. The _ was healthy.,"He made a few dishes to serve. One was a salad and the other was a steak, with the healthy option being the _.",salad,steak,1,1,['physical'],1
"Cynthia has a pond in their backyard, but Carrie cannot afford one, which means _ lives in the richer neighborhood.","Cynthia has a pond in their backyard, but Carrie cannot afford one, which means the person who lives in the richer neighborhood is _.",Cynthia,Carrie,1,2,['social'],1
Neil's cat was terrified of thunderstorms but Kyle's wasn't bothered by them. _ found their cat hiding under the bed after the loud crackle of thunder.,Neil's cat was terrified of thunderstorms but Kyle's wasn't bothered by them. The one who found their cat hiding under the bed after the loud crackle of thunder was _.,Neil,Kyle,1,1,['physical'],1
All of the bands were not able to march on the fields at the same time because the _ were massive.,All of the bands were not able to march on the fields at the same time because of how massive the _ were.,bands,fields,1,1,['physical'],1
I like to drink mineral water over tap water when I travel outside of the USA because the _ water in other countries is safe.,I like to drink mineral water over tap water when I travel outside of the USA because is the safe option in other countries is _ water.,mineral,tap,1,2,['social'],1
"Rachel hated their new in-laws, but tried to keep it secret from Monica.  Eventually _ told them.","Rachel hated their new in-laws, but tried to keep it secret from Monica. Eventually, the one who told them was _.",Rachel,Monica,1,2,['social'],1
Samantha was pretty good at math while Natalie was better at English. _ enrolled in a storytelling class this semester.,"Samantha was pretty good at math while Natalie was better at English. This semester, the one who enrolled in a storytelling class was _.",Samantha,Natalie,2,2,['social'],1
Kenneth had worse skin than Craig so _ had to use more of the moisturizer.,"Kenneth had worse skin than Craig, so the one who had to use more of the moisturizer was _.",Kenneth,Craig,1,3,['numerical'],1
Kenneth had better skin than Craig so _ had to use more of the moisturizer.,"Kenneth had better skin than Craig, so the one who had to use more of the moisturizer was _.",Kenneth,Craig,2,3,['numerical'],1
The cat Natalie owned would snuggle up on Jessica's lap because _ was nice to it all the time.,The cat Natalie owned would snuggle up on Jessica's lap because the one that was nice to it all the time was _.,Natalie,Jessica,2,2,['social'],1
"Brian always tried to find ways to be productive at work unlike Kenneth, because _ was a hard worker.","Brian always tried to find ways to be productive at work unlike Kenneth, because the person that was a hard worker is _.",Brian,Kenneth,1,2,['social'],1
"Tanya loved pepperoni on their pizza and Katrina loved sausage, so when it had just sausage _ was not very happy.","Tanya loved pepperoni on their pizza and Katrina loved sausage, so when it had just sausage, the one that was not very happy was _.",Tanya,Katrina,1,2,['social'],1
"Tanya loved pepperoni on their pizza and Katrina loved sausage, so when it had just pepperoni _ was not very happy.","Tanya loved pepperoni on their pizza and Katrina loved sausage, so when it had just pepperoni, the one that was not very happy was _.",Tanya,Katrina,2,2,['social'],1
Jen planned a retreat to a mountain or the park. She chose the _ because it was warmer.,"Jen planned a retreat to a mountain or the park, choosing the warmer option, which was the _.",mountain,park,2,5,['spatial'],1
"Justin bought a new RV but Lawrence liked his old one, so _ decided to sell it.","Justin bought a new RV but Lawrence liked his old one, so the one who decided to sell it was _.",Justin,Lawrence,1,2,['social'],1
"Tanya was unrecognizable after Sarah was done beating them, so _ ended up going to jail.","Tanya was unrecognizable after Sarah was done beating them, so the one who ended up going to jail was _.",Tanya,Sarah,2,2,['social'],1
"Frank wanted to put the burger on the barbecue, but the _ wasn't formed yet.","Frank wanted to put the burger on the barbecue, but what wasn't formed yet was the _.",barbecue,burger,2,4,['temporal'],1
"The student liked writing their signature with a pen instead of a pencil, because the _ showed up lighter.","The student liked writing their signature with a pen instead of a pencil, because it showed up lighter with the _.",pen,pencil,2,1,['physical'],1
"The student liked writing their signature with a pen instead of a pencil, because the _ showed up darker.","The student liked writing their signature with a pen instead of a pencil, because it showed up darker with the _.",pen,pencil,1,1,['physical'],1
"The medical waste was moved from the bag to the bucket, so the _ soon became sterilized.","The medical waste was moved from the bag to the bucket, so the container that soon became sterilized was the _.",bucket,bag,2,1,['physical'],1
Sarah but not Erin would get a retirement pension because _ had a 30 year work career.,Sarah but not Erin would receive a retirement pension since the one who had a 30 year work career was _.,Sarah,Erin,1,2,['social'],1
Connie likes to cook at home and decided to forgo a roast in favor of tofu because the _ is useless for a vegetarian meal.,Connie likes to cook at home and decided to forgo a roast in favor of tofu because what is useless for a vegetarian meal is the _.,roast,tofu,1,2,['social'],1
"He has a much harder time with this fever compared to the flu, because the _ took one week to get over.","He has a much harder time with this fever compared to the flu, because it took one week to get over the _.",fever,flu,1,4,['temporal'],1
"I couldn't decide if I should pressure cook or smoke the pig feet.  After looking outside, I decided the weather was poor enough to _ them.","I couldn't decide if I should pressure cook or smoke the pig feet.  After looking outside, I decided the weather was poor enough to _ them.",smoke,pressure cook,2,4,['temporal'],1
"I couldn't decide if I should pressure cook or smoke the pig feet.  After looking outside, I decided the weather was good enough to _ them.","I couldn't decide if I should pressure cook or smoke the pig feet.  After looking outside, I decided the weather was good enough to _ them.",smoke,pressure cook,1,"1, 4","['physical', 'temporal']",1
The computer ran faster than the tablet because the files on the _ were larger.,The computer ran faster than the tablet because the larger files were on the _.,tablet,computer,1,3,['numerical'],1
"Gem had a husky breed named Ben. Ben liked both bones and toys. However, he liked the _ the best because it was inedible.","Gem had a husky breed named Ben. Ben liked both bones and toys; however, because it was inedible, Ben preferred the _.",bones,toys,2,1,['physical'],1
"Brian agreed to buy soap for Kenneth while at the store, and _ paid them back the following day for the errand.","Brian agreed to buy soap for Kenneth while at the store, and the one who paid them back the following day for the errand was _.",Brian,Kenneth,2,2,['social'],1
The professor's eyes could not see clearly because of the sunglasses he had. The _ were poor.,The professor's eyes could not see clearly because of the sunglasses he had. What was in poor condition were the _.,Sunglasses,Eyes,1,1,['physical'],1
"For her birthday gifts, Sarah was upset with the pearls, but felt the opposite about the rings she received. The _ were fancier.","For her birthday gifts, Sarah was upset with the pearls, but felt the opposite about the rings she received. The fancier jewelry were the _.",pearls,rings,2,2,['social'],1
"Jody wanted new mascara and eyeliner, either black or brown, but the _ was too heavy.","Jody wanted new mascara and eyeliner, either black or brown, but the one that was too heavy was the _.",black,brown,1,1,['physical'],1
Aaron wanted to go the gym but the others wanted to go to the park because the _ did require membership.,Aaron wanted to go to the gym but the others wanted to go to the park because membership was required for the _.,gym,park,1,2,['social'],1
"The doctor couldn't treat the arm infection, but was able to handle the ear ache. The _ was more petty.","The doctor couldn't treat the arm infection, but was able to handle the ear ache. The ailment that was more petty is the _.",arm infection,ear ache,2,1,['physical'],1
"Kyle paid Craig to board the family dog at the kennel for a week, because _ was going on vacation.","Kyle paid Craig to board the family dog at the kennel for a week, because the one going on vacation was _.",Kyle,Craig,1,2,['social'],1
"The stove was left on after Matthew used it, so Nelson turned it off. _ was careful.","The stove was left on after Matthew used it, so Nelson turned it off. The person that was careful is_.",Matthew,Nelson,2,2,['social'],1
The brutal boxing match was suitable for Christopher but not Samuel because _ did damage to his opponent.,"The brutal boxing match was suitable for Christopher but not Samuel, because the person who did damage his opponent was _.",Christopher,Samuel,1,2,['social'],1
The brutal boxing match was suitable for Christopher but not Samuel because _ did not damage his opponent.,"The brutal boxing match was suitable for Christopher but not Samuel, because the person who did not damage his opponent was _.",Christopher,Samuel,2,2,['social'],1
"The dog hated Kevin but loved Derrick, so _ started bringing the dog treats to change its mind.","The dog hated Kevin but loved Derrick, so the person who started bringing the dog treats to change its mind was _.",Kevin,Derrick,1,2,['social'],1
"Patricia has a trouble with training her horse and wants Tanya's help, because _ wants her horse to behave.","Patricia has trouble with training her horse and wants Tanya's help, because the one who wants her horse to behave is _.",Patricia,Tanya,1,2,['social'],1
Randy was going to see an X-rated film but was stopped on the sidewalk and yelled at by Nick. The anger showed on _ 's face.,Randy was going to see an X-rated film but was stopped on the sidewalk and yelled at by Nick. The anger showed on _ 's face.,Randy,Nick,2,2,['social'],1
Randy was going to see an X-rated film but was stopped on the sidewalk and yelled at by Nick. The shame showed on _ 's face.,Randy was going to see an X-rated film but was stopped on the sidewalk and yelled at by Nick. The shame showed on _ 's face.,Randy,Nick,1,2,['social'],1
"Joel ran out of toilet paper, so he asked Dennis in the stall next to him for some. _ was relieved when he agreed.","Joel ran out of toilet paper, so he asked Dennis in the stall next to him for some. The person who was relieved when he agreed was _.",Joel,Dennis,1,2,['social'],1
"I was driving my car and tried to get through the intersection, but the light turned red. The _ is too fast.","I was driving my car and tried to get through the intersection, but the light turned red. What was too fast was the _.",light,car,1,1,['physical'],1
Joe brought his books to school in a suitcase instead of a backpack because the _ was bigger.,"Joe brought his books to school in a suitcase instead of a backpack, since the bigger option was the _.",suitcase,backpack,1,"3, 5","['numerical', 'spatial']",1
"During the earthquake, the boy hid under the desk instead of the table because the _ was sturdy.","During the earthquake, the boy hid under the desk instead of the table because of how sturdy the _ was.",desk,table,1,"1, 5","['physical', 'spatial']",1
"While playing soccer, Robert got kicked in the head and Joel laughed at him causing the coach to look at _ with pity.","While playing soccer, Robert got kicked in the head and Joel laughed at him, which caused the coach to look with pity at _.",Robert,Joel,1,2,['social'],1
Donald had to wax a lot more frequently than Ian because _ had blonde colored hair.,Donald had to wax a lot more frequently than Ian because of the blonde colored hair that _ had.,Donald,Ian,2,1,['physical'],1
Christine took all the money while Mary told her to save the money for herself. _ only knows to take.,Christine took all the money while Mary told her to save the money for herself. The person who only knows to take is_.,Christine,Mary,1,2,['social'],1
"Craig grew frustrated trying to coach Nick in soccer, as _ lacked the aptitude needed for the task.",Craig grew frustrated trying to coach Nick in soccer because the one who lacked the aptitude for the task was _.,Craig,Nick,2,2,['social'],1
"Craig grew frustrated trying to coach Nick in soccer, as _ lacked the patience needed for the task.",Craig grew frustrated trying to coach Nick in soccer because the one who lacked the patience for the task was _.,Craig,Nick,1,2,['social'],1
The musician liked playing at the auditorium more than at the park because he sounded louder at the _ .,The musician liked playing at the auditorium more than at the park because he sounded louder at the _ .,auditorium,park,1,1,['physical'],1
"Wanting to impress his boss, the man put the brandy away and served scotch instead because the _ was expensive.","Wanting to impress his boss, the man put the brandy away and served scotch instead, because of how expensive the _ is.",Brandy,Scotch,2,2,['social'],1
"Wanting to impress his boss, the man put the brandy away and served scotch instead because the _ was cheap.","Wanting to impress his boss, the man put the brandy away and served scotch instead, because of how cheap the _ is.",Brandy,Scotch,1,2,['social'],1
"Pho needs cilantro and beef to be tasty. However, the _ can be too bitter.","Pho needs cilantro and beef to be tasty. However, what can be too bitter is the _.",cilantro,beef,1,1,['physical'],1
"Betty's blanket was much thicker than Jessica's blanket, so _ felt cold all night in bed.","Betty's blanket was much thicker than Jessica's blanket, so the one who felt cold all night in bed was _.",Betty,Jessica,2,"1, 3","['numerical', 'physical']",1
Natalie had a phobia about crossing over high bridges but Tanya didn't. _ had to re-route their trip to avoid bridges.,"Natalie had a phobia about crossing over high bridges, but Tanya did not. Therefore, the one who had to re-route their trip to avoid bridges was _.",Natalie,Tanya,1,2,['social'],1
Rebecca had a way of minimizing risks whereas Mary usually did not. This made _ want to assist.,"Rebecca had a way of minimizing risks whereas Mary usually did not, making it more appealing to assist for _.",Rebecca,Mary,1,2,['social'],1
If you are trying to get rid of blood spots from clothes use cold water instead of hot water the _ releases the stain.,"If you are trying to get rid of blood spots from clothes, use cold water instead of hot water, since the stain is released by the _.",cold water,hot water,1,1,['physical'],1
More people attended the funeral of Joel than of Derrick because _ was a mean person.,More people attended the funeral of Joel than of Derrick because the mean person was _.,Joel,Derrick,2,2,['social'],1
"Adam decided to shave Denniss beard before the reuinion, because _ thought it was too long.","Adam decided to shave Denniss beard before the reunion, because the one who thought it was too long was _.",Adam,Dennis,1,2,['social'],1
"Adam decided to shave Denniss beard before the reuinion, but _ thought it was too short.","Adam decided to shave Denniss beard before the reunion, but the one who thought it was too short was _.",Adam,Dennis,2,2,['social'],1
"Rebecca had a sneezing reflex unlike Monica, so when they took the cinnamon challenge _ won.","Rebecca had a sneezing reflex unlike Monica, so when they took the challenge, the one who won was _.",Rebecca,Monica,2,1,['physical'],1
John tried to clean the juice that spilled on the carpet with a towel but it has sunk deep. The _ is still dry.,"John tried to clean the juice that spilled on the carpet with a towel, but because it has sunk deep, the item that remains dry is the _.",carpet,towel,2,1,['physical'],1
"Emily had always loved kids and Jessica felt the opposite, so _ was surprised to become a pediatrician.","Emily had always loved kids and Jessica felt the opposite, so the one who was surprised to become a pediatrician was _.",Emily,Jessica,2,2,['social'],1
Maria planned to spring clean this weekend and told Katrina they should help too. _ purposely left home very early.,Maria planned to spring clean this weekend and told Katrina they should help too. The one who purposely left home very early was _.,Maria,Katrina,2,2,['social'],1
"During the charity drive, they decided to donate the couch but not the bed because the _ was broken.","During the charity drive, they decided to donate the couch but not the bed, because what was broken was the _.",couch,bed,2,1,['physical'],1
The man decided to use a nail instead of a screw because the _ would be looser in the wood.,The man decided to use a nail instead of a screw because the one that would be looser in the wood is the _.,nail,screw,2,1,['physical'],1
Monica painted the porch for Kayla so the neighbor berated _ for being so lazy.,Monica painted the porch for Kayla so the person that the neighbor berated for being so lazy was _.,Monica,Kayla,2,2,['social'],1
"Dennis made their weight loss goal before Eric, because _ only ate a healthy diet.","Dennis made their weight loss goal before Eric, because the person that only ate a healthy diet was _.",Dennis,Eric,1,4,['temporal'],1
Tanya looked for an escape route while Elena did not because _ liked to live in the moment.,"Tanya looked for an escape route while Elena did not, because the one who liked to live in the moment was _.",Tanya,Elena,2,2,['social'],1
Tanya looked for an escape route while Elena did not because _ liked to be aware of all the surroundings.,"Tanya looked for an escape route while Elena did not, because the one who liked to be aware of all the surroundings was _.",Tanya,Elena,1,2,['social'],1
"Elena waited patiently for Angela, as _ arrived early to meet at their prearranged spot.","Elena waited patiently for Angela, as the one who arrived early to meet at their prearranged spot was _.",Elena,Angela,1,4,['temporal'],1
"In her newly purchased house, Patricia was upset to discover a woodworm infestation and called the realtor Victoria. _ called the sellers to ask them pay for an exterminator.","In her newly purchased house, Patricia was upset to discover a woodworm infestation and called the realtor Victoria. The sellers were asked to pay for an exterminator by _.",Patricia,Victoria,2,2,['social'],1
"In her newly purchased house, Patricia was upset to discover a woodworm infestation and called the realtor Victoria. _ wanted the sellers to pay for an exterminator.","In her newly purchased house, Patricia was upset to discover a woodworm infestation and called the realtor Victoria. The person who wanted the sellers to pay for an exterminator was _.",Patricia,Victoria,1,2,['social'],1
"We set up the treasure hunt, but the treasure chest was found easily on the path because the _ was big.","We set up the treasure hunt, but the treasure chest was found easily on the path because of how big the _ was.",chest,path,1,"1, 5","['physical', 'spatial']",1
"Donald took medication for their anxiety, but Craig went to therapy because _ was open with their feelings.","Donald took medication for their anxiety, but Craig went to therapy because the one who was open with their feelings was _.",Donald,Craig,2,2,['social'],1
"Hunter found they no longer returned Joseph's love in their marriage, therefore _ received divorce papers.","Hunter found they no longer returned Joseph's love in their marriage, therefore divorce papers were received by _.",Hunter,Joseph,2,2,['social'],1
"In order to grow his plants naturally, he bought fertilizer and water. The _ was lacking with nutrients.","In order to grow his plants naturally, he bought fertilizer and water, and the one lacking nutrients was the _.",fertilizer,water,2,1,['physical'],1
"In order to grow his plants naturally, he bought fertilizer and water. The _ was filled with nutrients.","In order to grow his plants naturally, he bought fertilizer and water, and the one filled with nutrients was the _.",fertilizer,water,1,1,['physical'],1
"Kayla threw the phone to Rebecca, then _ asked for it to be thrown back.","Kayla threw the phone to Rebecca, and then it was asked to be thrown back by _.",Kayla,Rebecca,1,4,['temporal'],1
Michael had less money than Samuel did because _ liked to shop and spend money too much.,Michael had more money than Samuel did because the one who liked to shop and spend money too much was _.,Michael,Samuel,1,3,['numerical'],1
Michael had more money than Samuel did because _ like to shop and spend money too much.,Michael had more money than Samuel did because the one who liked to shop and spend money too much was _.,Michael,Samuel,2,3,['numerical'],1
"After a nasty breakup, Kayla needed a restraining order from Samantha because _ was scary to them.","After a nasty breakup, Kayla needed a restraining order from Samantha because the one who was scary to them was _.",Kayla,Samantha,2,2,['social'],1
Sally knew the exam would be hard so she developed a study schedule. The _ was 4 weeks long.,"Sally knew the exam would be hard, so she developed a study schedule, and 4 weeks long was the _.",exam,schedule,2,4,['temporal'],1
Sally knew the exam would be hard so she developed a study schedule. The _ was 4 weeks away.,"Sally knew the exam would be hard, so she developed a study schedule, and 4 weeks away was the _.",exam,schedule,1,4,['temporal'],1
The kid looked terrible in the ancient  Egyptian dress because the _ was too small.,The kid looked terrible in the ancient  Egyptian dress because of how small the _ was.,dress,kid,2,1,['physical'],1
Brian taught Michael how to feed a rabbit greens because _ had rabbits as a kid.,Brian taught Michael how to feed a rabbit greens because the one who had rabbits as a kid was _.,Brian,Michael,1,2,['social'],1
He was having an asthma attack but forgot his inhaler so someone recommended coffee as the _ was unavailable.,He was having an asthma attack but forgot his inhaler so someone recommended coffee because of the unavailability of the _.,inhaler,coffee,1,1,['physical'],1
Amy tried to spread the cake icing all over the cake but the _ was not enough.,"Amy tried to spread the cake icing all over the cake, but unfortunately lacked enough _.",icing,cake,1,3,['numerical'],1
"Patricia teaches Kindergarten students, Christine teaches High School students therefore _ doesn't read aloud a lot.","Patricia teaches Kindergarten students, Christine teaches High School students, therefore the one who doesn't read aloud a lot is _.",Patricia,Christine,2,2,['social'],1
"Patricia teaches Kindergarten students, Christine teaches High School students therefore _ reads aloud a lot.","Patricia teaches Kindergarten students, Christine teaches High School students, therefore the one who reads aloud a lot is _.",Patricia,Christine,1,2,['social'],1
Lindsey has dark lips unlike Elena due to _ remembering to put on chapsticks at night.,Lindsey has dark lips unlike Elena because the person who remembers to put on chapsticks at night is _.,Lindsey,Elena,2,1,['physical'],1
Justin went with Donald to the game because _ wanted to be the designated driver.,Justin went with Donald to the game because the one who wanted to be the designated driver was _.,Justin,Donald,1,2,['social'],1
"Jason missed his work shift in order to finish his research paper, because the _ was less important.","Jason missed his work shift in order to finish his research paper, because what was less important was the _.",work shift,research paper,1,2,['social'],1
Steven was worried about the height requirements for the rollercoaster more than Dennis was since _ was short.,Steven was worried about the height requirements for the rollercoaster more than Dennis was because of how short _ was.,Steven,Dennis,1,1,['physical'],1
Steven was worried about the height requirements for the rollercoaster more than Dennis was since _ was tall.,Steven was worried about the height requirements for the rollercoaster more than Dennis was because of how tall _ was.,Steven,Dennis,2,1,['physical'],1
The quill was used by the writer much more than the pen for the job since the _ is heavy.,The quill was used by the writer much more than the pen for the job because of how heavy the _ is.,quill,pen,2,1,['physical'],1
Joel has experience driving large vehicles and Lawrence doesn't. _ drives their RV with accuracy.,"Joel has experience driving large vehicles and Lawrence doesn't, so the person who drives their RV with accuracy is _.",Joel,Lawrence,1,2,['social'],1
"Despite the fact that Joseph was sick and Craig was healthy, _ still stayed home from work that day.","Despite the fact that Joseph was sick and Craig was healthy, the one who still stayed home from work that day was _.",Joseph,Craig,2,2,['social'],1
"The teacher asked for the homework. Elena played games the night before and Tanya did not, so _ got an F.","The teacher asked for the homework, and since Elena played games the night before and Tanya did not, the one who got an F was _.",Elena,Tanya,1,4,['temporal'],1
"The teacher asked for the homework. Elena played games the night before and Tanya did not, so _ got an A.","The teacher asked for the homework, and since Elena played games the night before and Tanya did not, the one who got an A was _.",Elena,Tanya,2,"2, 4","['social', 'temporal']",1
The clothing in the north was warmer than the clothing in the south because there was more snow in the _ .,The clothing in the north was warmer than the clothing in the south because there was more snow in the _ .,south,north,2,1,['physical'],1
The clothing in the north was warmer than the clothing in the south because there was more sun in the _ .,The clothing in the north was warmer than the clothing in the south because there was more sun in the _ .,south,north,1,5,['spatial'],1
The rib-eye steak needed some artisan pepper to season it because the _ was flavorful.,The rib-eye steak needed some artisan pepper to season it because what was flavorful was the _.,steak,pepper,2,1,['physical'],1
The gas was not smelling out of the tank but out of the hose because the _ is leaky.,"The gas was not smelling out of the tank but out of the hose because it is leaky, the _.",hose,tank,1,1,['physical'],1
The gas was not smelling out of the tank but out of the hose because the _ is sealed.,"The gas was not smelling out of the tank but out of the hose because it is sealed, the _.",hose,tank,2,1,['physical'],1
"Laura had a much better body than Katrina, because _ spent all of their time at the ice cream shop.","Laura had a much better body than Katrina, because the person who spent all of their time at the ice cream shop was _.",Laura,Katrina,2,1,['physical'],1
James always had to wash his shoe after jogging on the street but it is not always the same when jogging on the lawn. The _ is clean.,"James always had to wash his shoe after jogging on the street but it is not always the same when jogging on the lawn, as the clean one is the _.",street,lawn,2,"1, 5","['physical', 'spatial']",1
"In the hotel laundry room, Felicia burned Mary's shirt while ironing it, so the manager wrote _ up.","In the hotel laundry room, Felicia burned Mary's shirt while ironing it, so the managerwrote up _.",Felicia,Mary,1,2,['social'],1
"In the hotel laundry room, Felicia burned Mary's shirt while ironing it, so the manager gave _ a refund.","In the hotel laundry room, Felicia burned Mary's shirt while ironing it, so the manager gave a refund to _.",Felicia,Mary,2,2,['social'],1
Jeffrey asked Hunter when was the date set for the wedding because _ was getting married.,Jeffrey asked Hunter when the date was set for the wedding because the one getting married was _.,Jeffrey,Hunter,2,2,['social'],1
"Craig had never learned handwriting in school but Michael had learned beautiful script so, _ always typed all their correspondence.","Craig had never learned handwriting in school but Michael had learned beautiful script, which is why the one who always typed all their correspondence was _.",Craig,Michael,1,1,['physical'],1
"Patricia did laundry by hand, but Lindsey used the electric washer, because _ wore clothes made of delicate fabrics.","Patricia did laundry by hand, but Lindsey used the electric washer, because the one who wore clothes made of delicate fabrics was _.",Patricia,Lindsey,1,1,['physical'],1
"Derrick needed Kenneth to go to the store and get a baby bib, but _ said the one they had was still ok.","Derrick needed Kenneth to go to the store and get a baby bib, but the one they had was still ok, according to _.",Derrick,Kenneth,2,2,['social'],1
"His hands were a lot rougher than his thighs, because he used the _ for nothing.",His hands were a lot rougher than his thighs because the body part that was used for nothing was the _.,hands,thighs,2,1,['physical'],1
"Christine told Samantha at court their reasons for their expired license, since _ had the responsibility to attend.","Christine told Samantha at court their reasons for their expired license, since the one who had the responsibility to attend was _.",Christine,Samantha,1,2,['social'],1
"Craig was all about self-publishing his first album, but a PRO rep Lawrence advised against it. _ advocated for a very hands-on approach to publishing.","Craig was all about self-publishing his first album, but a PRO rep Lawrence advised against it. A very hands-on approach to publishing was advocated by _.",Craig,Lawrence,1,2,['social'],1
"The cleaning crew always used rags instead of washcloths, although the _ tended to wear out quickly.","The cleaning crew always used rags instead of washcloths, although the one that tended to wear out quickly was the _.",washcloths,rags,2,1,['physical'],1
"I hated the project this year compared to the essay last year, because the _ required more work.","I hated the project this year compared to the essay last year, because what required more work was the _.",project,essay,1,3,['numerical'],1
"While waiting for the movie to begin, Natalie bought popcorn and drinks for Lindsey, since _ had little money.","While waiting for the movie to begin, Natalie bought popcorn and drinks for Lindsey, since the person who had little money was _.",Natalie,Lindsey,2,2,['social'],1
"The rubber resisted the rock but snapped on the concrete, as the _ was abrasive.","The rubber resisted the rock but snapped on the concrete, because the surface that was abrasive was the _.",rock,concrete,2,1,['physical'],1
"The rubber resisted the rock but snapped on the concrete, as the _ was smooth.","The rubber resisted the rock but snapped on the concrete, because the surface that was smooth was the _.",rock,concrete,1,1,['physical'],1
Al got solar panels and a small generator installed at his house for electricity as the _ would be his main power supply.,"Al got solar panels and a small generator installed at his house for electricity, with the main power supply being the _.",panels,generator,1,1,['physical'],1
The newborns in the nursery were very frail because they were fed the _ calorie food during the high and low calorie experiment..,"The newborns in the nursery were very frail because during the high and low calorie experiment, they were fed the food that was _ calorie.",high,low,2,1,['physical'],1
The newborns in the nursery were very hardy because they were fed the _ calorie food during the high and low calorie experiment.,"The newborns in the nursery were very hardy because during the high and low calorie experiment, they were fed the food that was _ calorie.",high,low,1,1,['physical'],1
Jane's hair was bound by a band until the band was cut because the _ is bulky.,Jane's hair was bound by a band until the band was cut because of how bulky the _ is.,band,hair,2,1,['physical'],1
The patient put in a special request for Brett instead of Kyle because _ was always stern.,The patient put in a special request for Brett instead of Kyle because of how stern _  always was.,Brett,Kyle,2,2,['social'],1
"Justin became very ill with pneumonia, so Matthew made him some soup; then _ finally went home.","Justin became very ill with pneumonia, so Matthew made him some soup; then the one who finally went home was _.",Justin,Matthew,2,2,['social'],1
"Benjamin asked Samuel to buy them a puppy, because _ could not have a pet.","Benjamin asked Samuel to buy them a puppy, because the person who could not have a pet was _.",Benjamin,Samuel,2,2,['social'],1
The jeans fit worse than the shirt because I had tried the _ on at the store.,The jeans fit worse than the shirt because the one I had tried on at the store was the _.,jeans,shirt,2,3,['numerical'],1
The athletes on the team of Christine were more tired than those on the team of Monica because the ones with _ did less laps.,The athletes on the team of Christine were more tired than those on the team of Monica because the ones who did fewer laps were with _.,Christine,Monica,2,3,['numerical'],1
The athletes on the team of Christine were less tired than those on the team of Monica because the ones with _ did less laps.,The athletes on the team of Christine were less tired than those on the team of Monica because the ones who did fewer laps were with _.,Christine,Monica,1,3,['numerical'],1
"In order to increase her estrogen, Jenny started eating carrots instead of donuts because the _ were not junky.","Jenny started eating carrots instead of donuts, figuring that the not junky ones were the _.",donuts,carrots,2,1,['physical'],1
It smelled a lot better near the pool than it did near the compost because there was no garbage in the _ .,It smelled a lot better near the pool than it did near the compost because there was no garbage in the _ .,compost,pool,2,1,['physical'],1
Ian laughs at Ryan because of the small Christmas tree they picked out. _ wants a table top tree.,Ian laughs at Ryan because of the small Christmas tree they picked out; the one who wants a table top tree is _.,Ian,Ryan,2,"1, 3","['numerical', 'physical']",1
Betty gave the full pitcher to Rachel so _ could fill her glass with water.,Betty gave the full pitcher to Rachel so that her glass could be filled with water by _.,Betty,Rachel,2,2,['social'],1
"Rachel's date was shorter than she, so she wore her shoes rather than her boots, because the _ had high heels.","Rachel's date was shorter than she, so she wore her shoes rather than her boots, since high heels were on the _.",shoes,boots,2,3,['numerical'],1
The store had 80 platters but only 2 bowls left in stock because the _ were in high demand.,"The store had 80 platters but only 2 bowls left in stock, which implies that the items in high demand were _.",platters,bowls,2,3,['numerical'],1
"Monica really enjoys a vodka drink, but Felicia prefers whiskey because _ likes clear liquors.","Monica really enjoys a vodka drink, but Felicia prefers whiskey because the person who likes clear liquors is _.",Monica,Felicia,1,1,['physical'],1
The knee injury of Samantha has healed much quicker than Katrina's. _ 's injury was minor.,Samantha's knee injury has healed much quicker than Katrina's. The person with the minor injury was _.,Samantha,Katrina,1,4,['temporal'],1
"The toddler kicked the soft furniture and hard toy, but only the _ caused pain.","The toddler kicked the soft furniture and hard toy, but the one that caused pain was the _.",furniture,toy,2,1,['physical'],1
"The toddler kicked the hard furniture and soft toy, but only the _ caused pain.","The toddler kicked the hard furniture and soft toy, but the one that caused pain was the _.",furniture,toy,1,1,['physical'],1
The student wanted to be respectful to the teacher so he got her a book instead of an apple because the _ was old.,"The student wanted to be respectful to the teacher so he got her a book instead of an apple, because the item that was old was the _.",book,apple,2,2,['social'],1
"Neil asked Brian to hand him the measuring tape, but _ already measured the wall to center the picture.","Neil asked Brian to hand him the measuring tape, but the wall had already been measured to center the picture by _.",Neil,Brian,2,2,['social'],1
"Kiwis are a favorite of Ryan, while Derrick can't eat them. _ has sensitive teeth.","Kiwis are a favorite of Ryan, while Derrick can't eat them. The person with sensitive teeth is _.",Ryan,Derrick,2,1,['physical'],1
"Although Amy worked harder and longer than Rebecca, _ was a more wealthy person overall.","Although Amy worked harder and longer than Rebecca, the more wealthy person overall was _.",Amy,Rebecca,2,2,['social'],1
James wanted to write a list of what he can do for Christmas and he ended up using all the pages in the notepad. The _ is long.,"James wanted to write a list of what he can do for Christmas and he ended up using all the pages in the notepad. Between the list and the page, what is long is the _.",list,page,1,1,['physical'],1
James wanted to write a list of what he can do for Christmas and he ended up using all the pages in the notepad. The _ is short.,"James wanted to write a list of what he can do for Christmas and he ended up using all the pages in the notepad. Between the list and the page, what is short is the _.",list,page,2,1,['physical'],1
The chopstick were better to eat the noodles with than the fork as the _ was repaired.,The chopstick was better to eat the noodles with than the fork because the one that was repaired was the _.,chopstick,fork,1,1,['physical'],1
James was finding a space on the couch for the box to be placed but he could not find it because the _ is big.,James was finding a space on the couch for the box to be placed but he could not find it because of how big the _.,box,couch,1,5,['spatial'],1
Bill had complicated feelings about getting a car after his motorcycle died because the _ possessed a lot of sentimental value.,Bill had complicated feelings about getting a car after his motorcycle died because of the sentimental value of the _.,car,motorcycle,2,2,['social'],1
"As a marine, Emily looks down on civilians like Maria, so _ is a bit saddened.","As a marine, Emily looks down on civilians like Maria, so the one who is a bit saddened is _.",Emily,Maria,2,2,['social'],1
"Kyle makes a lot more money than Nelson can make at his job, as _ is a cashier.","Kyle makes a lot more money than Nelson can make at his job, as the one who is a cashier is _.",Kyle,Nelson,2,3,['numerical'],1
The food that Hunter ate was spoiled but not that of Brett because _ left his food outside.,The food that Hunter ate was spoiled but not that of Brett because the one who left his food outside was _.,Hunter,Brett,1,1,['physical'],1
The food that Hunter ate was spoiled but not that of Brett because _ left his food in the fridge.,The food that Hunter ate was spoiled but not that of Brett because the one who left his food in the fridge was _.,Hunter,Brett,2,1,['physical'],1
"Laura held the steel for their project while Carrie used the blowtorch, because _ was more skilled.","Laura held the steel for their project while Carrie used the blowtorch, because the more skilled one was _.",Laura,Carrie,2,2,['social'],1
"Amy recognized the man in the waiting room before Monica did, because _ had met the man only once.","Amy recognized the man in the waiting room before Monica did, because the person who had met the man only once was _.",Amy,Monica,2,4,['temporal'],1
Nick smelled much worse than Kenneth after the baseball game although _ was wearing deodorant.,"Nick smelled much worse than Kenneth after the baseball game, although the one wearing deodorant was _.",Nick,Kenneth,1,1,['physical'],1
Mark wanted to lose some weight by starting a diet and workout routine.  He focused mainly on the _ because he was lazy.,"Mark wanted to lose weight by starting a diet and workout routine, but because he was lazy, the thing he focused on was the _.",workout routine,diet,2,1,['physical'],1
The drink was rich in caffeine and low in sugar because the _ was suffice in keeping the drinker awake.,The drink was rich in caffeine and low in sugar because what was suffice to keep the drinker awake was the _.,caffeine,sugar,1,1,['physical'],1
The drink was rich in caffeine and low in sugar because the _ was not enough to keep the drinker awake.,The drink was rich in caffeine and low in sugar because what was not enough to keep the drinker awake was the _.,caffeine,sugar,2,1,['physical'],1
The tree fell down sooner than the sapling because the roots of the _ were stronger.,The tree fell down after the sapling due to the stronger roots of the _.,tree,sapling,1,1,['physical'],1
The tree fell down after the sapling because the roots of the _ were weaker.,The tree fell down after the sapling due to the weaker roots of the _.,tree,sapling,2,"1, 4","['physical', 'temporal']",1
"Samantha told Lindsey to be careful with the porcelain doll; when she ignored her and dropped the doll, _ was very sorry.","Samantha told Lindsey to be careful with the porcelain doll; when she ignored her and dropped it, the one who was very sorry was _.",Samantha,Lindsey,2,2,['social'],1
"The Windows software attempted to install the upgrades onto the computer, but the _ exceeded data capacity.","The Windows software attempted to install the upgrades onto the computer, but what exceeded the data capacity was the _.",software,computer,1,1,['physical'],1
"The Windows software attempted to install the upgrades onto the computer, but the _ was outdated.","The Windows software attempted to install the upgrades onto the computer, but what was outdated was the _.",software,computer,2,1,['physical'],1
Katrina asked Rachel to change the diapers for the babies this morning because _ is handling the stove.,Katrina asked Rachel to change the diapers for the babies this morning because the one who is handling the stove is _.,Katrina,Rachel,1,"2, 4","['social', 'temporal']",1
Katrina asked Rachel to change the diapers for the babies this morning because _ isn't doing anything.,Katrina asked Rachel to change the diapers for the babies this morning because the one who isn't doing anything is _.,Katrina,Rachel,2,2,['social'],1
Samantha decided to mix the mortar while Rebecca applied it to the wall. _ was not good at the finishing touches.,"Samantha decided to mix the mortar while Rebecca applied it to the wall, because the one not good at the finishing touches was _.",Samantha,Rebecca,1,2,['social'],1
Monica chose Kayla as the winning contestant on the reality show because _ was a contestant on the show.,Monica chose Kayla as the winning contestant on the reality show because the contestant on the show was _.,Monica,Kayla,2,2,['social'],1
"Because Megan wanted to be a welder and Patricia wanted to be a engineer, _ went to university instead of trade school.","Because Megan wanted to be a welder and Patricia wanted to be a engineer, the one who went to university instead of  trade school was _.",Megan,Patricia,2,2,['social'],1
"Because Megan wanted to be a welder and Patricia wanted to be a engineer, _ went to trade school instead of university.","Because Megan wanted to be a welder and Patricia wanted to be a engineer, the one who went to trade school instead of university was _.",Megan,Patricia,1,2,['social'],1
The man took longer to pay for the shoes than the shirt because he paid for the _ in coins.,"The man took longer to pay for the shoes than the shirt, because he paid in coins for the _.",shoes,shirt,1,3,['numerical'],1
The man took longer to pay for the shoes than the shirt although he paid for the _ in coins.,"The man took longer to pay for the shoes than the shirt, even though he paid in coins for the _.",shoes,shirt,2,4,['temporal'],1
"Sometimes I write in my journal with a pencil instead of a pen, but the _ can be run dry.","Sometimes I write in my journal with a pencil instead of a pen, but the one that can be run dry is the _.",pencil,pen,2,1,['physical'],1
John had to bow to walk through the door but have to crawl to enter the tent. The _ is shorter.,"John had to bow to walk through the door but have to crawl to enter the tent, so the shorter entrance is the _.",door,tent,2,5,['spatial'],1
"Adam's blushed a deep red when Jeffrey saw him fall off his horse, but _ tried to pretend it didn't hurt.","Adam's blushed a deep red when Jeffrey saw him fall off his horse, and the one who tried to pretend it didn't hurt was _.",Adam,Jeffrey,1,2,['social'],1
"When Leslie told Aaron he only wanted to eat food that was healthy, he was laughed at. The teacher comforted _ immediately.","When Leslie told Aaron she only wanted to eat food that was healthy, she was laughed at by Aaron, and immediately the teacher comforted _.",Leslie,Aaron,1,2,['social'],1
"When Leslie told Aaron he only wanted to eat food that was healthy, he was laughed at. The teacher scolded _ immediately.","When Leslie told Aaron she only wanted to eat food that was healthy, she was laughed at by Aaron, and immediately the teacher scolded _.",Leslie,Aaron,2,2,['social'],1
"The doctor treated Natalie, but refused to see Tanya, because _ has an incredible insurance plan.","The doctor treated Natalie, but refused to see Tanya, because the one with an incredible insurance plan is _.",Natalie,Tanya,1,2,['social'],1
It doesn't take much to shift between ice and water. The _ is fluid and flexible when its warm.,"It doesn't take much to shift between ice and water, and the one that is fluid and flexible when it's warm is the _.",water,ice,1,1,['physical'],1
"Amy's being taught how to pay it forward by Kayla, so _ is likely the younger person.","Amy's being taught how to pay it forward by Kayla, so the person who is likely younger is _.",Amy,Kayla,1,2,['social'],1
The assertive commander told the privates to change their boots but not their shirts because the _ were disgusting.,"The assertive commander told the privates to change their boots but not their shirts, because the disgusting items were the _.",boots,shirts,1,2,['social'],1
"Felicia was given a leather belt from Betty to clean it, because _ doesn't know how to clean it.","Felicia was given a leather belt from Betty to clean it, because the one who doesn't know how to clean it is _.",Felicia,Betty,2,2,['social'],1
"Hunter had low tire pressure and asked Eric to fill the tires; when he said no, _ filled the tires.","Hunter had low tire pressure and asked Eric to fill the tires; when he said no, the tires were filled by _.",Hunter,Eric,1,2,['social'],1
The doctor felt more sympathy for Aaron than Ryan because _ had a curable illness and great insurance.,The doctor felt more sympathy for Aaron than Ryan because the one with a curable illness and great insurance was _.,Aaron,Ryan,2,2,['social'],1
"Emily delivered the daily newspaper to Samantha promptly, so _ gave a nice Christmas bonus.","Emily delivered the daily newspaper promptly to Samantha, so the one giving a nice Christmas bonus was _.",Emily,Samantha,2,2,['social'],1
"Emily delivered the daily newspaper to Samantha promptly, so _ expected a nice Christmas bonus.","Emily delivered the daily newspaper promptly to Samantha, so the one expecting a nice Christmas bonus was _.",Emily,Samantha,1,2,['social'],1
"Jack wanted to start a game, but couldn't decide between baseball or basketball. The _ game would call for more friends.","Jack wanted to start a game, but couldn't decide between baseball or basketball, because the game that would call for more friends was _.",baseball,basketball,1,3,['numerical'],1
James wanted to wear the corsage but it wouldn't fit around his wrist because the _ was too big.,"James wanted to wear the corsage, but it wouldn't fit around his wrist because of how big the _ was.",wrist,corsage,1,"1, 3","['numerical', 'physical']",1
"Laura was climbing down from the roof and Katrina was below so, _ was holding the ladder.","Laura was climbing down from the roof and Katrina was below, so the ladder was held by _.",Laura,Katrina,2,5,['spatial'],1
Bill could only go out to the restaurants rather than the bars because going to the _ required a minimum age.,Bill could only go out to the restaurants rather than the bars because a minimum age was required for the _.,restaurants,bars,2,2,['social'],1
"Katrina demanded that Jessica get off of their property, because _ was in the neighborhood for visiting.","Katrina demanded that Jessica get off of their property, because the person who was in the neighborhood for visiting was _.",Katrina,Jessica,2,2,['social'],1
"Katrina demanded that Jessica get off of their property, because _ wasn't in the mood for visiting.","Katrina demanded that Jessica get off of their property, because the person who wasn't in the mood for visiting was _.",Katrina,Jessica,1,2,['social'],1
"At the hospital, Kenneth tended to Randy 's wounds as _ was learning to contain an infection.","At the hospital, Kenneth tended to Randy 's wounds, as the one who was learning to contain an infection was _.",Kenneth,Randy,1,2,['social'],1
Mary felt a great deal of guilt for stealing various items from Rachel so _ forgave her.,Mary felt a great deal of guilt for stealing various items from Rachel so the person that forgave her was _.,Mary,Rachel,2,2,['social'],1
"Dennis warned Craig if they were late to work agian they would suffer termination, _ works for the boss at the local factory.",Dennis warned Craig if they were late to work again they would suffer termination; the one who works for the boss at the local factory is _.,Dennis,Craig,2,2,['social'],1
Patricia bought Christine a watch for their birthday because _ was tired of asking about the time.,Patricia bought Christine a watch for their birthday because the one who was tired of asking about the time was _.,Patricia,Christine,2,2,['social'],1
"The teenager chose a jeweled pin for her belly piercing, but the _ was too tiny.","The teenager chose a jeweled pin for her belly piercing, but what was too tiny was the _.",piercing,pin,1,1,['physical'],1
"The teenager chose a jeweled pin for her belly piercing, but the _ was too huge.","The teenager chose a jeweled pin for her belly piercing, but what was too huge was the _.",piercing,pin,2,"1, 5","['physical', 'spatial']",1
"At the store, John signed a warranty contract for the tablet, but did not purchase insurance for the phone, because the _ was likely to be damaged.","At the store, John signed a warranty contract for the tablet, but did not purchase insurance for the phone, because the item likely to be damaged was the _.",tablet,phone,1,2,['social'],1
Christine was tired of Maria being a pain in the neck after _ laid down the prank trap.,Christine was tired of Maria being a pain in the neck after the prank trap was laid down by _.,Christine,Maria,2,2,['social'],1
"The battery of the the phone died faster than the laptop battery, because the _ was always off.",The battery of the phone died faster than the laptop battery because the one that was always off was the _.,phone,laptop,2,1,['physical'],1
"The battery of the the phone died faster than the laptop battery, because the _ was always on.",The battery of the phone died faster than the laptop battery because the one that was always on was the _.,phone,laptop,1,3,['numerical'],1
I wanted to use pomade on my hair instead of hairspray but it was old so the _ was unusable.,I wanted to use pomade on my hair instead of hairspray but it was old so what was unusable is the _.,pomade,hairspray,1,1,['physical'],1
Megan picked up some olive oil for Felicia because _ hated to cook but loved to eat.,Megan picked up some olive oil for Felicia because the person who hated to cook but loved to eat was _.,Megan,Felicia,1,2,['social'],1
Megan picked up some olive oil for Felicia because _ loved to cook but hated to eat.,Megan picked up some olive oil for Felicia because the person who loved to cook but hated to eat was _.,Megan,Felicia,2,2,['social'],1
Kayla always wears sunscreen outdoors but Natalie doesn't because _ isn't concerned about getting neck wrinkles.,Kayla always wears sunscreen outdoors but Natalie doesn't because the person who isn't concerned about getting neck wrinkles is _.,Kayla,Natalie,2,2,['social'],1
"Felicia wanted to be pampered by Emily, so _ went to the jewelry store and bought an expensive ring.","Felicia wanted to be pampered by Emily, so the one who went to the jewelry store and bought an expensive ring was _.",Felicia,Emily,2,2,['social'],1
Kyle loved to camp in the wilderness but Justin preferred a nice hotel. _ booked a trip to Yellowstone Park.,Kyle loved to camp in the wilderness but Justin preferred a nice hotel. The person who booked a trip to Yellowstone Park was _.,Kyle,Justin,1,2,['social'],1
Samantha wanted to use a valet to park the car but Carrie did not because _ was generous with money.,Samantha wanted to use a valet to park the car but Carrie did not because the one who was generous with money was _.,Samantha,Carrie,1,2,['social'],1
James forgot to put the food in the freezer so he had to eat the fruits the next day because the _ is rotting.,James forgot to put the food in the freezer so he had to eat the fruits the next day because what was rotting was the _.,food,fruit,1,1,['physical'],1
The patient took calcium to fix his broken bone but the _ was too strong.,"The patient took calcium to fix his broken bone, but what was too strong was the _.",bone,calcium,2,1,['physical'],1
"On the playground at school during recess, Monica called Emily a chicken because _ was capable of climbing the ladder.","On the playground at school during recess, Monica called Emily a chicken because the one capable of climbing the ladder was _.",Monica,Emily,1,2,['social'],1
"Mary loved to make baked potatoes, but Monica couldn't stand the smell; _ only made them when she was alone.","Mary loved to make baked potatoes, but Monica couldn't stand the smell; only when she was alone they were made by _ .",Mary,Monica,1,2,['social'],1
The fisherman wanted to put the rock in the pond but the _ was too small.,The fisherman wanted to put the rock in the pond but it didn't fit because of how small the _ was.,pond,rock,1,"1, 5","['physical', 'spatial']",1
Brian wanted a horse but not Nick because _ raised cattle in their spare time.,Brian wanted a horse but not Nick because cattle were raised in their spare time by _.,Brian,Nick,1,2,['social'],1
Logan preferred to snowboard while Kyle wanted to do biathlon so _ went up the hill.,"Logan preferred to snowboard while Kyle wanted to do biathlon, so up the hill went _.",Logan,Kyle,1,1,['physical'],1
"She watered the rose but not the cactus, because the soil of the _ was already wet.","She watered the rose but not the cactus, because the one whose soil was already wet was the _.",rose,cactus,2,1,['physical'],1
"She watered the rose but not the cactus, because the soil of the _ was already dry.","She watered the rose but not the cactus, because the one whose soil was already dry was the _.",rose,cactus,1,1,['physical'],1
The ingredients that I use are tastier than the available toppings because the _ are old.,The ingredients that I use are tastier than the available toppings because of how old the _ are.,ingredients,toppings,2,1,['physical'],1
Rachel knew exactly how to treat the injured person's wound but not Emily because _ took a woodworking class in high school.,"Rachel knew exactly how to treat the injured person's wound but not Emily, because the one who took a woodworking class in high school was _.",Rachel,Emily,2,2,['social'],1
"The dress could use either velcro or a zipper to close, the _ would last longer.","The dress could use either velcro or a zipper to close, the one which would last longer is the _.",velcro,zipper,2,1,['physical'],1
Kelly was embarrassed when his toga fell off at the party and people saw his underwear because the _ was too loose.,Kelly was embarrassed when his toga fell off at the party and people saw his underwear because the garment that was too loose was the _.,toga,underwear,1,1,['physical'],1
Kayla was always thinner than Rachel because _ enjoyed eating brioche and butter every morning.,Kayla was always thinner than Rachel because the one who enjoyed eating brioche and butter every morning was _.,Kayla,Rachel,2,1,['physical'],1
Robert has no regret for punching Justin in the nose even though _ was the victim of injustice.,Robert has no regret for punching Justin in the nose even though the victim of injustice was _.,Robert,Justin,2,2,['social'],1
Robert has no regret for punching Justin in the nose because _ was the victim of injustice.,Robert has no regret for punching Justin in the nose because the victim of injustice was _.,Robert,Justin,1,2,['social'],1
The dark circles under Erin's eyes were darker than Cynthia's due to _ being older.,The dark circles under Erin's eyes were darker than Cynthia's because the older person is _.,Erin,Cynthia,1,3,['numerical'],1
"Harper wanted to wear a cowboy hat and a bolero tie to her party, but the _ didn't fit her head.","Harper wanted to wear a cowboy hat and a bolero tie to her party, but the one that didn't fit her head was the _.",tie,hat,2,1,['physical'],1
"William was very comfortable entering Kenneth 's personal domain any time, as _ was very self-assured.","William was very comfortable entering Kenneth's personal domain any time, as the self-assured one was _.",William,Kenneth,1,2,['social'],1
Tanya recently finished filling out a job application but not Megan because _ is currently working.,"Tanya recently finished filling out a job application but not Megan, which is because the person who is currently working is _.",Tanya,Megan,2,2,['social'],1
Lawrence had lost a lot of weight on their diet but Hunter wasn't nearly as succesful. _ was now heavy.,"Lawrence had lost a lot of weight on their diet but Hunter wasn't nearly as successful, and the one who was now heavy was _.",Lawrence,Hunter,2,3,['numerical'],1
Lindsey did not know how to make a good impression for an interview with Tanya. _ was surprised when she did not get the job.,Lindsey did not know how to make a good impression for an interview with Tanya. The person who was surprised when she did not get the job was _.,Lindsey,Tanya,1,2,['social'],1
"Tanya wanted to audition for the show that Sarah was casting, so _ watched her routine very carefully.","Tanya wanted to audition for the show that Sarah was casting, so her routine was watched very carefully by _.",Tanya,Sarah,2,2,['social'],1
"When it came to taking care of elderly people, Adam was suited for the job more than Brian because _ lived with younger people longer.","When it came to taking care of elderly people, Adam was suited for the job more than Brian because the one who lived with younger people longer was _.",Adam,Brian,2,2,['social'],1
"Erin was self-conscious of her legs and Katrina didn't help by making fun of them, but _ went to the gym to try and help her.","Erin was self-conscious of her legs and Katrina didn't help by making fun of them, but the one who went to the gym to try and help her was _.",Erin,Katrina,2,2,['social'],1
"As a parent, Catherine doesn't let her kids watch movies, but they can watch some TV shows. Catherine thinks the _ are too violent.","As a parent, Catherine doesn't let her kids watch movies, but they can watch some TV shows because of how violent Catherine thinks the _ are.",movies,TV shows,1,2,['social'],1
the scanning tool could not get through the cervix because the _ was too big.,the scanning tool could not get through the cervix because of how big the _ was.,cervix,tool,2,"1, 5","['physical', 'spatial']",1
"Patricia loved the smell of Rachel's shampoo, so she asked where to buy it. _ gave her a bottle the next day.","Patricia loved the smell of Rachel's shampoo, so she asked where to buy it. The one who gave her a bottle the next day was _.",Patricia,Rachel,2,2,['social'],1
"The apartment Brett rented was owned by Jason, so _ received the rent for the apartment each month.","The apartment Brett rented was owned by Jason, so each month the rent for the apartment was received by _.",Brett,Jason,2,2,['social'],1
"I don't want to use that iron on my new shirt, and, yes, it's because the _ is too expensive.","I don't want to use that iron on my new shirt, and, yes, it's because of how expensive the _ is.",iron,shirt,2,1,['physical'],1
"I don't want to use that iron on my new shirt, and, yes, it's because the _ is too cheap.","I don't want to use that iron on my new shirt, and, yes, it's because of how cheap the _ is.",iron,shirt,1,1,['physical'],1
The wound caused by the bullet needed more care than the one caused by the knife because the _ wound was superficial.,The wound caused by the bullet needed more care than the one caused by the knife because the superficial wound was from the _.,bullet,knife,2,1,['physical'],1
"Kyle was in a lot of pain after running the marathon in place of Brian, but _ appreciated the support of his cause.","Kyle was in a lot of pain after running the marathon in place of Brian, but the one who appreciated the support of his cause was _.",Kyle,Brian,2,2,['social'],1
Patricia liked to lie around in a hammock all day but Megan did not because _ was very sedentary.,Patricia liked to lie around in a hammock all day but Megan did not because the person that was very sedentary is _.,Patricia,Megan,1,2,['social'],1
Hank was eating cereal and spilt milk on his hot pants and decided to get his pleated pants. He needed to change into new leggings because the _ are clean.,"Hank was eating cereal and spilt milk on his hot pants and decided to get his pleated pants, and the ones that are clean are the _.",hot pants,pleated pants,2,1,['physical'],1
Derrick always wanted to wash when they woke up but Benjamin rarely bothered. _ was a very dirty person.,Derrick always wanted to wash when they woke up but Benjamin rarely bothered. The very dirty person was _.,Derrick,Benjamin,2,2,['social'],1
Derrick always wanted to wash when they woke up but Benjamin rarely bothered. _ was a very clean person.,Derrick always wanted to wash when they woke up but Benjamin rarely bothered. The very clean person was _.,Derrick,Benjamin,1,2,['social'],1
Justin brought a a saw and hammer to prepare making a cupboard for Benjamin because _ is his employer.,Justin brought a saw and hammer to prepare making a cupboard for Benjamin because his employer is  _.,Justin,Benjamin,2,2,['social'],1
Justin used a stencil on their presentation lettering but Derrick did not. _ had a very sloppy looking presentation.,Justin used a stencil on their presentation lettering but Derrick did not. The one with a very sloppy looking presentation was _.,Justin,Derrick,2,1,['physical'],1
Justin used a stencil on their presentation lettering but Derrick did not. _ had a very neat looking presentation.,Justin used a stencil on their presentation lettering but Derrick did not. The one with a very neat looking presentation was _.,Justin,Derrick,1,1,['physical'],1
"The mirror didn't lie when it showed how overweight Patricia was and how emaciated Felicia was, so _ needed to go on diet.","The mirror didn't lie when it showed how overweight Patricia was and how emaciated Felicia was, so the person who needed to go on a diet was _.",Patricia,Felicia,1,1,['physical'],1
"The stores used posters instead of flyers, because the overall cost of distribution for the _ was cheaper.","The stores used posters instead of flyers, because the overall cost of distribution was cheaper for the _.",posters,flyers,1,3,['numerical'],1
"The stores used posters instead of flyers, but the overall cost of distribution for the _ was cheaper.","The stores used posters instead of flyers, but the overall cost of distribution was cheaper for the _.",posters,flyers,2,3,['numerical'],1
"With my ankle sprain, I am not able to put my foot in my shoe because the _ is too fat.","With my ankle sprain, I am not able to put my foot in my shoe because of how fat the _ is.",sprain,shoe,1,1,['physical'],1
Michael was a better employer than Joel so _ had to worry about retaining employees.,"Michael was a better employer than Joel, so the one who had to worry about retaining employees was _.",Michael,Joel,2,2,['social'],1
Michael was a better employer than Joel so _ did not have to worry about retaining employees.,"Michael was a better employer than Joel, so the one who did not have to worry about retaining employees was _.",Michael,Joel,1,2,['social'],1
Two friends wanted a tan look but Joel was impatient while Robert wasn't. _ used bronzer to get a tan look.,Two friends wanted a tan look but Joel was impatient while Robert wasn't. The one who used bronzer to get a tan look was _.,Joel,Robert,1,2,['social'],1
Megan focused more on proper posture than Lindsey because _ wanted to become a model.,Megan focused more on proper posture than Lindsey because the one who wanted to become a model was _.,Megan,Lindsey,1,2,['social'],1
Megan focused less on proper posture than Lindsey because _ wanted to become a model.,Megan focused less on proper posture than Lindsey because the one who wanted to become a model was _.,Megan,Lindsey,2,2,['social'],1
Katrina did not value the antique pictures as much as Lindsey because _ was a history buff.,Katrina did not value the antique pictures as much as Lindsey because the history buff was _.,Katrina,Lindsey,2,2,['social'],1
"Angela wanted to find a partner, but Victoria wanted to stay single, because _ was lonely.","Angela wanted to find a partner, but Victoria wanted to stay single, because the one who was lonely was _.",Angela,Victoria,1,2,['social'],1
My teeth hurt more after eating the cake than the pie because the _ was not as sweet.,My teeth hurt more after eating the cake than the pie because the one that was not as sweet was the _.,pie,cake,1,1,['physical'],1
"On Valentine's Day, Brian receives no flowers, but Kevin gets a lot. _ is probably dating someone.","On Valentine's Day, Brian receives no flowers, but Kevin gets a lot, so the one who is probably dating someone is _.",Brian,Kevin,2,2,['social'],1
"Michael had to learn how to speak Chinese for his job unlike Matthew, because _ worked in England.","Michael had to learn how to speak Chinese for his job, unlike Matthew, because the person who worked in England was _.",Michael,Matthew,2,2,['social'],1
The boards were used to build the houses instead of the bricks as the _ were sparse.,The boards were used to build the houses instead of the bricks due to how sparse the _ were.,boards,bricks,2,3,['numerical'],1
"Betty avoided getting attacked in the dark alley where Elena was mugged, because _ ignored their intuition.",Betty avoided getting attacked in the dark alley where Elena was mugged because the person that ignored their intuition was _.,Betty,Elena,2,2,['social'],1
"The actors practiced the scenes in the parking lot more than the scenes in the morgue, because the _ scenes are full of silence.","The actors practiced the scenes in the parking lot more than the scenes in the morgue, because the scenes that are full of silence are the scenes in the _.",parking lot,morgue,2,1,['physical'],1
"Victoria was interested in babies, but Katrina thought they were annoying, so _ preferred visiting the nursery.","Victoria was interested in babies, but Katrina thought they were annoying; the one who preferred visiting the nursery was _.",Victoria,Katrina,1,2,['social'],1
"The kids at camp liked the activities with water, but avoided the sand, because the _ was cleansed.","The kids at camp liked the activities with water, but avoided the sand, because what was cleansed was the _.",sand,water,2,1,['physical'],1
"When gambling in Las Vegas, Christine usually bets less playing poker than Elena because _ is more cautious.","When gambling in Las Vegas, Christine usually bets less playing poker than Elena because the more cautious person is _.",Christine,Elena,1,3,['numerical'],1
"Natalie is extremely shy, but Lindsey is good at talking to strangers, which makes _ worse at telemarketing.","Natalie is extremely shy, but Lindsey is good at talking to strangers, so the one who is worse at telemarketing is _.",Natalie,Lindsey,1,2,['social'],1
Benjamin thought Android was the superior phone system but Ian thought IOS was better. _ bought a new iPhone 9 from Verizon.,Benjamin thought Android was the superior phone system but Ian thought IOS was better. The person that bought a new iPhone 9 from Verizon was _.,Benjamin,Ian,2,2,['social'],1
The floor started to have scratches when people's shoe started dragging on it. The _ was rough.,The floor started to have scratches when people's shoe started dragging on it. The rough surface was the _.,floor,shoe,2,1,['physical'],1
The floor started to have scratches when people's shoe started dragging on it. The _ was smooth.,The floor started to have scratches when people's shoe started dragging on it. The smooth surface was the _.,floor,shoe,1,1,['physical'],1
"Donald was chosen to be a model while Dennis was passed over, because _ was exceptionally tall.","Donald was chosen to be a model while Dennis was passed over, because how exceptionally tall _ was.",Donald,Dennis,1,1,['physical'],1
The flour spills out when we use an ancient family recipe and pour three teacups of flour into our bowl. The _ is too small.,The flour spills out when we use an ancient family recipe and pour three teacups of flour into our bowl because the one that's too small is the _.,teacup,bowl,2,"1, 3, 2005","['numerical', 'physical', 'spatial']",1
The flour spills out when we use an ancient family recipe and pour three teacups of flour into our bowl. The _ is too big.,The flour spills out when we use an ancient family recipe and pour three teacups of flour into our bowl because the one that's too big is the _.,teacup,bowl,1,"1, 5","['physical', 'spatial']",1
"The cracker that was given to me was worse than the cookie, because the _ was stale.",The cracker that was given to me was worse than the cookie because of how stale the _ was.,cracker,cookie,1,1,['physical'],1
"I handed the documents over to immigration with the passports, but they only accepted the passports, because the _ were complete.","I handed the documents over to immigration with the passports, but they only accepted the passports because the complete ones were the _.",documents,passports,2,2,['social'],1
Jessica was arrested for growing hemp by the police but not Sarah because _ stayed during the field raid.,Jessica was arrested for growing hemp by the police but not Sarah because the one who stayed during the field raid was _ .,Jessica,Sarah,1,2,['social'],1
Jennifer thought it was important to neuter a dog and Rachel did not because _ knew lots of animals become homeless.,Jennifer thought it was important to neuter a dog and Rachel did not because the person who knew lots of animals become homeless was _.,Jennifer,Rachel,1,2,['social'],1
John could not hear his alarm clock when he was sleeping with a headphone on his head because the _ is closer.,John could not hear his alarm clock when he was sleeping with a headphone on his head because the closer one was the _.,headphone,clock,1,"1, 5","['physical', 'spatial']",1
John could not hear his alarm clock when he was sleeping with a headphone on his head because the _ is farther.,John could not hear his alarm clock when he was sleeping with a headphone on his head because the farther one was the _.,headphone,clock,2,"1, 5","['physical', 'spatial']",1
"Ryan ordered the salad with added avocado, but Randy passed, because _ wasn't ok with the $3 upcharge.","Ryan ordered the salad with added avocado, but Randy passed, because the person who wasn't ok with the $3 upcharge was _.",Ryan,Randy,2,"2, 3","['numerical', 'social']",1
"Ryan ordered the salad with added avocado, but Randy passed, because _ was ok with the $3 upcharge.","Ryan ordered the salad with added avocado, but Randy passed, because the person who was ok with the $3 upcharge was _.",Ryan,Randy,1,2,['social'],1
"Tanya was an adult while Samantha was young and still had room to grow , so _ took her old clothes.","Tanya was an adult while Samantha was young and still had room to grow, so the old clothes were taken by _.",Tanya,Samantha,2,1,['physical'],1
"The hiking group had more food than water, so they tried to conserve the _ .","The hiking group had more food than water, so they tried to conserve the _ .",water,food,1,3,['numerical'],1
"The hiking group had less food than water, so they tried to conserve the _ .","The hiking group had less food than water, so they tried to conserve the _ .",water,food,2,3,['numerical'],1
"I wore the pants and the shirt together, but got more compliments on the _ because the shirt was uglier.","I wore the pants and the shirt together, but because the shirt was uglier, I got more compliments on the _.",shirt,pants,2,1,['physical'],1
John cannot listen to his music with the volume of the television his cousin is watching. The _ is quiet.,John cannot listen to his music with the volume of the television his cousin is watching. The quiet one is the _.,television,music,2,1,['physical'],1
The honey flows out slower from the bottle than the oil. The _ is viscous.,"The honey flows out slower from the bottle than the oil, so the viscous one is the _.",honey,oil,1,1,['physical'],1
"Lawrence volunteered to donate blood to help others, but Steven was unable to, since _ was healthy.","Lawrence volunteered to donate blood to help others, but Steven was unable to, since the healthy person was _.",Lawrence,Steven,1,2,['social'],1
"Reading poetry and rhymes was very entertaining for Derrick but boring for Logan, since _ was a mathematician.","Reading poetry and rhymes was very entertaining for Derrick but boring for Logan, since the mathematician was _.",Derrick,Logan,2,2,['social'],1
The farmer had more corn to harvest than yams because his cows liked eating the _ .,The farmer had more corn to harvest than yams because his cows liked eating the _ .,yams,corn,1,3,['numerical'],1
The farmer had more corn to harvest than yams because his cows hated eating the _ .,The farmer had more corn to harvest than yams because his cows hated eating the _ .,yams,corn,2,3,['numerical'],1
Adam asked Dennis to always remember to flush the toilet because _ doesn't flush it.,Adam asked Dennis to always remember to flush the toilet because the person that doesn't flush it was _.,Adam,Dennis,2,2,['social'],1
Buying a swimming pool was great for Adam but not for Christopher because _ had a large back yard.,"For Adam, buying a swimming pool was great, but not for Christopher, because the one with a large back yard was _.",Adam,Christopher,1,5,['spatial'],1
"Cynthia was happy to give Patricia the politics section of the newspaper, because _ had little interest in the election results.","Cynthia was happy to give Patricia the politics section of the newspaper, because the one with little interest in the election results was _.",Cynthia,Patricia,1,2,['social'],1
Only the bag got melted and not the wood when they were inside the flame. The _ is soft.,Only the bag got melted and not the wood when they were inside the flame because of how soft the _ is.,wood,bag,2,1,['physical'],1
Only the bag got melted and not the wood when they were inside the flame. The _ is hard.,Only the bag got melted and not the wood when they were inside the flame because of how hard the _ is.,wood,bag,1,1,['physical'],1
"Carrie always arrived to work after Cynthia, as _ had a shorter driving commute in the mornings.","Carrie always arrived to work after Cynthia, as the one with a shorter driving commute in the mornings was _.",Carrie,Cynthia,2,4,['temporal'],1
"Amy left smears all over the surface after cleaning Kayla's sink, because _ didn't supervise very much.","Amy left smears all over the surface after cleaning Kayla's sink, because the one who didn't supervise very much was _.",Amy,Kayla,2,2,['social'],1
"Brian could learn to swim with the right instruction, but it was hard to tell whether lifeguard Matthew was qualified to provide it, since _ had never swum before.","Brian could learn to swim with the right instruction, but it was hard to tell whether lifeguard Matthew was qualified to provide it, since the one who had never swum before was _.",Brian,Matthew,1,2,['social'],1
I slowly poured the milk over my bowl of cereal until the _ was gone.,"I slowly poured the milk over my bowl of cereal until it was gone, the _.",milk,cereal,1,1,['physical'],1
They disagreed over what dog to adopt as Mary wanted a yorkie while Maria wanted a labrador. _ loved small dogs.,They disagreed over what dog to adopt as Mary wanted a yorkie while Maria wanted a labrador. The one who loved small dogs was _.,Mary,Maria,1,1,['physical'],1
"Devin got sick after eating the sausage, so he laid on the couch and later moved to the bed because the _ was more comfortable.","Devin got sick after eating the sausage, so he laid on the couch and later moved to the bed because the more comfortable option was the _.",couch,bed,2,1,['physical'],1
"Jennifer has more money than Amy, so _ became a homeowner at a young age.","Jennifer has more money than Amy, so the one who became a homeowner at a young age was _.",Jennifer,Amy,1,3,['numerical'],1
Michael had a unhappy relationship and was jealous because Lawrence had a great one only to find out the reason was _ slacked in adhering to standard marriage advice.,"Michael had an unhappy relationship and was jealous because Lawrence had a great one, only to find out that the one who slacked in adhering to standard marriage advice was _.",Michael,Lawrence,1,2,['social'],1
"The boxes were too heavy for Benjamin to carry alone, so he asked Matthew for help. After he said yes, _ felt regret.","The boxes were too heavy for Benjamin to carry alone, so he asked Matthew for help. After he said yes, the one who felt regret was _.",Benjamin,Matthew,2,2,['social'],1
Jasmine wanted to put the emerald on the ring but it would not fit. The _ was minuscule.,"Jasmine wanted to put the emerald on the ring, but it would not fit because of how miniscule the _ was.",emerald,ring,2,1,['physical'],1
Jasmine wanted to put the emerald on the ring and it would not fit. The _ was colossal.,"Jasmine wanted to put the emerald on the ring, but it would not fit because of how colossal the _ was.",emerald,ring,1,"1, 3","['numerical', 'physical']",1
John was glad the file was kept in the box before the fire outbreak started because the _ is inflammable.,John was glad the file was kept in the box before the fire outbreak started because of the inflammable nature of the _.,box,file,1,1,['physical'],1
Patricia had to pay less tax than Cynthia because _ made more money in the year.,Patricia had to pay less tax than Cynthia because more money was made in the year by _.,Patricia,Cynthia,2,3,['numerical'],1
Patricia had to pay less tax than Cynthia because _ made less money in the year.,Patricia had to pay less tax than Cynthia because less money was made in the year by _.,Patricia,Cynthia,1,3,['numerical'],1
"Brian's plants are showing a lot more growth than Logan's, because _ used better fertilizer.","Brian's plants are showing a lot more growth than Logan's, because better fertilizer was used by _.",Brian,Logan,1,3,['numerical'],1
James always feel weak whenever he walked the length of his street so he decided walking just the length of the lawn. The _ is long.,"James always feels weak whenever he walked the length of his street, so he decided to walk just the length of the lawn, because the long option was the _.",street,lawn,1,3,['numerical'],1
James always feel weak whenever he walked the length of his street so he decided walking just the length of the lawn. The _ is short.,"James always feels weak whenever he walked the length of his street, so he decided to walk just the length of the lawn, because the short option was the _.",street,lawn,2,3,['numerical'],1
"The living room was cleaner than the kitchen, because we spend leess time in in the _ .","The living room was cleaner than the kitchen, because we spend less time in in the _ .",living room,kitchen,1,3,['numerical'],1
The girl broke Leslie's heart but not Kenneth's because _ used to be in love with her.,The girl broke Leslie's heart but not Kenneth's because the person who used to be in love with her was _.,Leslie,Kenneth,1,2,['social'],1
"Monica suspected that Rebecca had become an alcoholic, but _ predicted an intervention to address the problem.","Monica suspected that Rebecca had become an alcoholic, but an intervention to address the problem was predicted by _.",Monica,Rebecca,2,2,['social'],1
The stone still thudded on the floor even though it was dropped on the pillow. The _ is too light.,The stone still thudded on the floor even though it was dropped on the pillow. The item that is too light is the _.,stone,pillow,2,1,['physical'],1
Rachel touches the cool looking bulletproof vest of Kayla due to _ being on an investigation.,Rachel touches the cool looking bulletproof vest of Kayla due to an investigation done by  _.,Rachel,Kayla,2,2,['social'],1
Remodeling the kitchen came naturally to Michael but not William because _ had experience being a carpenter's apprentice.,"Remodeling the kitchen came naturally to Michael but not William, because the one who had experience being a carpenter's apprentice was _.",Michael,William,1,2,['social'],1
"Selena wanted the hairdresser to cut her hair with a razor instead of a clipper, because the _ always gave an edgier look.","Selena wanted the hairdresser to cut her hair with a razor instead of a clipper, because what always gave an edgier look was the _.",clipper,razor,2,1,['physical'],1
Neil cut trees down into lumber every year unlike Logan because _ lives in the city.,"Neil cut trees down into lumber every year unlike Logan, because the person who lives out in the city is _.",Neil,Logan,2,5,['spatial'],1
Neil cut trees down into lumber every year unlike Logan because _ lives out in the countryside.,"Neil cut trees down into lumber every year unlike Logan, because the person who lives out in the countryside is _.",Neil,Logan,1,5,['spatial'],1
"We couldn't extract the blood but got the plasma out, since the _ was reachable by the needle.","We couldn't extract the blood but got the plasma out, since the needle was able to reach the _.",blood,plasma,2,"1, 5","['physical', 'spatial']",1
The sound of the foot was clearly audible from the street because the _ is quiet.,The sound of the foot was clearly audible from the street because of how quiet the _ is.,street,sound,1,1,['physical'],1
Kyle asked Brett for some tips on healthy eating because _ has recently lost weight.,Kyle asked Brett for some tips on healthy eating because the person who has recently lost weight is _.,Kyle,Brett,2,2,['social'],1
William was a huge animal rights activist but Randy couldn't care less so _ hated leather.,"William was a huge animal rights activist but Randy couldn't care less, so the one who hated leather was _.",William,Randy,1,2,['social'],1
William was a huge animal rights activist but Randy couldn't care less so _ loved leather.,"William was a huge animal rights activist but Randy couldn't care less, so the one who loved leather was _.",William,Randy,2,2,['social'],1
The school needed a new auditorium and a new teacher's lounge.  They built the _ first because it benefited the faculty more.,"The school needed a new auditorium and a new teacher's lounge, and because it benefited the faculty more, what was built first was the _.",auditorium,teacher's lounge,2,2,['social'],1
"The cashier was trained that real $100 bills had sharp lines and counterfeit ones might be blurry, so she accepted the _ bill.","The cashier was trained that real $100 bills had sharp lines and counterfeit ones might be blurry, so she accepted the _ bill.",sharp,blurry,1,1,['physical'],1
The pressure of finding new jobs is harder than finding new apartments. The _ are high in numbers.,The pressure of finding new jobs is harder than finding new apartments. There is a higher availability in _.,jobs,apartments,2,3,['numerical'],1
"She couldn't wear the bra, unlike the shirt, because the _ was the right size.","She couldn't wear the bra, unlike the shirt; the one that was the right size was the _.",bra,shirt,2,1,['physical'],1
Angela was a homebody while Amy loved to travel the world whenever they could. _ took a vacation to the beach over the summer.,"Angela was a homebody while Amy loved to travel the world whenever they could, so the person who took a vacation to the beach over the summer was _.",Angela,Amy,2,2,['social'],1
Kenneth was really scared to have surgery but Neil was very brave about it. _ was under a lot of stress.,Kenneth was really scared to have surgery but Neil was very brave about it. The person under a lot of stress was _.,Kenneth,Neil,1,2,['social'],1
"Joel went to Michael 's house and consumed a lot of alcohol, so _ had to ride back home as a passenger.","Joel went to Michael 's house and consumed a lot of alcohol, so the one who had to ride back home as a passenger was _.",Joel,Michael,1,2,['social'],1
"At the new restaurant, Betty convinced Lindsey to try fried brussel sprouts.  _ was relieved when she tried new things.","At the new restaurant, Betty convinced Lindsey to try fried brussel sprouts. The person who was relieved when she tried new things was _.",Betty,Lindsey,1,2,['social'],1
"Jane received a pet tortoise and an aquarium as a birthday gift, but the _ was too small.","Jane received a pet tortoise and an aquarium as a birthday gift, but what turned out to be too small was the _.",aquarium,tortoise,1,"1, 5","['physical', 'spatial']",1
"She chose the black car over the green car, because the _ has more brighter color.","She chose the black car over the green car, because the one that has a more brighter color is the _.",black car,green car,2,1,['physical'],1
Joe immediately went to bakery before the bank because the _ had a limited supply of what he wanted.,Joe immediately went to the bakery before the bank because of the limited supply at the _.,bakery,bank,1,"2, 4","['social', 'temporal']",1
Michael just bought brand new wheels for his truck unlike Leslie because _ wheels were new and perfect.,Michael just bought brand new wheels for his truck unlike Leslie because the wheels that were new and perfect belonged to _.,Michael,Leslie,2,1,['physical'],1
Michael just bought brand new wheels for his truck unlike Leslie because _ wheels were old and used.,Michael just bought brand new wheels for his truck unlike Leslie because the wheels that were old and used belonged to _.,Michael,Leslie,1,2,['social'],1
Benjamin was chosen instead of Brett to be the makeup artist for the play because _ was less experienced.,Benjamin was chosen instead of Brett to be the makeup artist for the play because the less experienced one was _.,Benjamin,Brett,2,2,['social'],1
"Jessica enjoyed a simple, basic life with Betty, but _ was bored having a quiet existence.","Jessica enjoyed a simple, basic life with Betty, but having a quiet existence was boring for _.",Jessica,Betty,2,2,['social'],1
It was easy for Angela to become a vegetarian although Kayla couldn't do it. _ really missed the taste of chicken.,It was easy for Angela to become a vegetarian although Kayla couldn't do it. The person who really missed the taste of chicken is _.,Angela,Kayla,2,2,['social'],1
"Alcohol is a love of Matthew's, but Ryan can't stand the stuff because _ is a sober alcoholic.","Alcohol is a love of Matthew's, but Ryan can't stand the stuff because the sober alcoholic is _.",Matthew,Ryan,2,2,['social'],1
"Laura used too much super glue on Erins hands, so _ needed to get to the doctor to separate their hands.","Laura used too much super glue on Erins hands, so the person that needed to get to the doctor to separate their hands was _.",Laura,Erin,2,"1, 2","['physical', 'social']",1
Laura just loved the taste of green beans but Felicia hated the taste of them. _ didn't have a second serving.,"Laura just loved the taste of green beans but Felicia hated the taste of them, so the one who didn't have a second serving was _.",Laura,Felicia,2,2,['social'],1
Joel always liked to turn the heater up higher than Joseph did for the reason that _ was always cold.,Joel always liked to turn the heater up higher than Joseph did because the person who was always cold was _.,Joel,Joseph,1,1,['physical'],1
Megan forgot to buy deodorant at the store so they borrowed Jessica's deodorant and _ never found out.,"Megan forgot to buy deodorant at the store, so they borrowed Jessica's deodorant, and the one who never found out was _.",Megan,Jessica,2,2,['social'],1
They brought the cornhole supplies to the camp site so they could play while adults cooked dinner.  The boys really enjoyed the _ after the game.,"They brought the cornhole supplies to the camp site so they could play while adults cooked dinner, and after the game, the boys really enjoyed the _.",cornhole,dinner,2,"2, 4","['social', 'temporal']",1
The game of chess was easy to play for Angela but not Rebecca because _ had a analytical mind.,The game of chess was easy to play for Angela but not Rebecca because the person who had an analytical mind was _.,Angela,Rebecca,1,2,['social'],1
The game of chess was easy to play for Angela but not Rebecca because  _ did not have an analytical mind.,The game of chess was easy to play for Angela but not Rebecca because the person who did not have an analytical mind was _.,Angela,Rebecca,2,2,['social'],1
"To pay for dinner, he used the credit card rather than cash. The _ was not available.","To pay for dinner, he used the credit card rather than cash, because the option that was not available is the _ .",cash,card,1,2,['social'],1
"Since the diabetic woman had to limit her sugar intake, she ignored the pie and had a cookie instead because the _ was full of sugar.","Since the diabetic woman had to limit her sugar intake, she ignored the pie and had a cookie instead because of how full of sugar the _ was.",pie,cookie,1,1,['physical'],1
"Carrie posted their sofa for sale on Craigslist, and had received an offer they had to decline because the _ is valuable.","Carrie posted their sofa for sale on Craigslist, and had to decline an offer they received because of how valuable the _ is.",offer,sofa,2,1,['physical'],1
The health of Joel was stronger than that of William due to _ being a cigar smoker.,The health of Joel was stronger than that of William because the cigar smoker was _.,Joel,William,2,2,['social'],1
It was easy for Amy but not Rachel to create a meal because _ had taken woodshop in school.,Creating a meal was easy for Amy but not for Rachel because the one who had taken woodshop in school was _.,Amy,Rachel,2,2,['social'],1
Betty made the choice to reduce Samantha's salary after _ started cutting back on efficiency.,Betty made the choice to reduce Samantha's salary because the one who started cutting back on efficiency was _.,Betty,Samantha,2,2,['social'],1
"At the beauty salon, Angela preferred to work on her eyebrows instead of her eyelashes because the _ were already worked on.","At the beauty salon, Angela preferred to work on her eyebrows instead of her eyelashes because the ones already worked on were the _.",eyebrows,eyelashes,2,1,['physical'],1
Patricia decided to buy Felicia dinner because they had been through a lot and _ just inherited some money.,"Patricia decided to buy Felicia dinner because they had been through a lot, and the one who just inherited some money was _.",Patricia,Felicia,1,2,['social'],1
"John never mentioned his canoe, but had a long conversation with Ron about the raft, because John rarely used the _ .","John never mentioned his canoe, but had a long conversation with Ron about the raft, because John rarely used the _ .",canoe,raft,1,2,['social'],1
"Monica gives Jessica a book about posture, because _ has been trying to get better at ballet dancing.",Monica gives Jessica a book about posture because the one who has been trying to get better at ballet dancing is _.,Monica,Jessica,2,2,['social'],1
Kerry was running later when he took his car to work than when he took a taxi because he ran into more traffic in the _ .,Kerry was running later when he took his car to work than when he took a taxi because he ran into more traffic in the _ .,car,taxi,1,"1, 4","['physical', 'temporal']",1
The maid took away a cozy blanket from Lawrence but not Nick because _ was very cold.,The maid took away a cozy blanket from Lawrence but not Nick because the one who was very cold was _.,Lawrence,Nick,2,2,['social'],1
Brett asked Nelson where they were because _ had had been driving after he fell asleep.,"Brett asked Nelson where they were because after he fell asleep, the driving had been done by _.",Brett,Nelson,2,2,['social'],1
"Victoria was eager to make the big sale to Sarah , as _ needed the money that day.","Victoria was eager to make the big sale to Sarah, as the person who needed the money that day was _.",Victoria,Sarah,1,2,['social'],1
"Paint was applied to the chairs but not the tables, since the _ were new.","Paint was applied to the chairs but not the tables, since the new furniture are the _ .",chairs,tables,2,1,['physical'],1
"Paint was applied to the chairs but not the tables, since the _ were old.","Paint was applied to the chairs but not the tables, since the old furniture are the _ .",chairs,tables,1,1,['physical'],1
The bill had extra charges for past due and hookup. I owe the _ for being a new customer.,"The bill had extra charges for past due and hookup, and as a new customer, I owe the amount associated with the _.",past due,hookup,2,2,['social'],1
The courage of Ian was a lot stronger than Michael because _ had been through a lot in life.,The courage of Ian was a lot stronger than Michael because the person who had been through a lot in life was _.,Ian,Michael,1,2,['social'],1
Elena enjoyed yoga classes while Amy preferred other forms of exercise; this was because _ was flexible.,Elena enjoyed yoga classes while Amy preferred other forms of exercise because the flexible one was _.,Elena,Amy,1,1,['physical'],1
The commodities trader decided to buy wool and sell cotton because the _ was priced high.,The commodities trader decided to buy wool and sell cotton because the one that was priced high was the _.,wool,cotton,2,3,['numerical'],1
"William lived in a rougher part of town than Eric, so _ trained their dog as a guard dog.","William lived in a rougher part of town than Eric, so the one who trained their dog as a guard dog was _.",William,Eric,1,2,['social'],1
Ryan had to use a calculator on the test but Michael didn't because _ was very bad at math.,Ryan had to use a calculator on the test but Michael didn't because the person who was very bad at math was _.,Ryan,Michael,1,3,['numerical'],1
"Christine accepted the over night challenge from Laura, because _ had a better chance of winning.","Christine accepted the over night challenge from Laura, because the one with a better chance of winning was _.",Christine,Laura,1,2,['social'],1
"Victoria taught Elena how to count in Malay for their trip, because _ was a visitor of the island.","Victoria taught Elena how to count in Malay for their trip, because the visitor of the island was _.",Victoria,Elena,2,2,['social'],1
The store sold Michael a fake phone but not Eric so _ could still make a call.,"The store sold Michael a fake phone but not Eric, so the one who could still make a call was _.",Michael,Eric,2,1,['physical'],1
It was easy for Matthew but not Logan to practice yoga because _ wanted to improve their mind and body.,It was easy for Matthew but not Logan to practice yoga because the one who wanted to improve their mind and body was _.,Matthew,Logan,1,2,['social'],1
"Patricia was called back for a second interview but not Victoria, as _ had passed the background check.","Patricia was called back for a second interview but not Victoria, as the one who had passed the background check was _.",Patricia,Victoria,1,2,['social'],1
Hunter bought a vehicle to commute in but not Dennis because _ had a driving distance to work.,Hunter bought a vehicle to commute in but not Dennis because the one with a driving distance to work was _,Hunter,Dennis,1,2,['social'],1
"Angela did a bunch of crunches and sit-ups but Cynthia didn't, consequentially _ had six- pack abs.","Angela did a bunch of crunches and sit-ups but Cynthia didn't, so the one who had six-pack abs was _.",Angela,Cynthia,1,1,['physical'],1
Katrina turned out to be much more spoiled than Felicia because _ did not have wealthy or generous parents.,Katrina turned out to be much more spoiled than Felicia because the one who did not have wealthy or generous parents was _.,Katrina,Felicia,2,2,['social'],1
Katrina turned out to be much more spoiled than Felicia because _ had wealthy and generous parents.,Katrina turned out to be much more spoiled than Felicia because the one who had wealthy and generous parents was _.,Katrina,Felicia,1,2,['social'],1
"The boot was removed from the car tire and put on the truck tire, since the _ was now legally parked.","The boot was removed from the car tire and put on the truck tire, because the one that was now legally parked was the _.",car,truck,1,"1, 2","['physical', 'social']",1
Jennifer wanted to get romance in a relationship while Elena did not because _ liked to watch romantic comedies.,Jennifer wanted to get romance in a relationship while Elena did not because the one who liked to watch romantic comedies was _.,Jennifer,Elena,1,2,['social'],1
Brett wanted to get a massage but Kenneth did not. This is because _ was feeling relaxed.,"Brett wanted to get a massage but Kenneth did not, which is because the one who was feeling relaxed was _.",Brett,Kenneth,2,2,['social'],1
Ryan was always behind Donald in high school because _ had a diagnosed learning disability.,Ryan was always behind Donald in high school because the student who had a diagnosed learning disability was _.,Ryan,Donald,1,2,['social'],1
Craig had problems with dry skin but not Hunter since _ used a soothing skin lotion.,"Craig had problems with dry skin but not Hunter, as the one who used an soothing skin lotion was _.",Craig,Hunter,2,1,['physical'],1
Craig had problems with dry skin but not Hunter because _ used an irritating skin lotion.,"Craig had problems with dry skin but not Hunter, as the one who used an irritating skin lotion was _.",Craig,Hunter,1,1,['physical'],1
"Brett was actively engaged in weight loss whereas Benjamin was trying to gain weight, so _ maximized their caloric intake.","Brett was actively engaged in weight loss whereas Benjamin was trying to gain weight, so the person who maximized their caloric intake was _.",Brett,Benjamin,2,2,['social'],1
Betty learned to play the cello well but Erin did not because _ was very impatient.,Betty learned to play the cello well but Erin did not because the one who was very impatient was _.,Betty,Erin,2,2,['social'],1
Erin was eating more than Betty was eating for dinner because _ had skipped lunch.,Erin was eating more than Betty was eating for dinner because the person who had skipped lunch was _.,Erin,Betty,1,4,['temporal'],1
"The diary of Carrie is boring, and the one Jennifer writes is interestin. _ has lived a simple life.","The diary of Carrie is boring, and the one Jennifer writes is interesting, which suggests that the person who has lived a simple life is _.",Carrie,Jennifer,1,1,['physical'],1
Donald has a problem with hearing in his ears unlike Benjamin because _ worked in a quiet area.,Donald has a problem with hearing in his ears unlike Benjamin because the person who worked in a quiet area was _.,Donald,Benjamin,2,1,['physical'],1
Erin read a book to Monica because _ was old enough to be able to read.,Erin read a book to Monica because the one who was old enough to be able to read was _.,Erin,Monica,1,2,['social'],1
When we go hiking I bring my backpack because it has built in water bottles and places for snacks. Today I forgot to bring the _ and was starving.,"When we go hiking I bring my backpack because it has built-in water bottles and places for snacks, but today I was starving because I forgot the _.",snacks,water bottles,1,1,['physical'],1
She wanted to learn how to pair wine so she bought book instead of using a magazine because the _ was too broad.,"She wanted to learn how to pair wine, and for that purpose, she bought a book instead of using a magazine, because what she found to be too broad was the _.",magazine,book,1,3,['numerical'],1
"Kenneth is accused of destroying drywall in Jeffrey's house, _ is renting the house.","Kenneth is accused of destroying drywall in Jeffrey's house, the person who is renting the house is _.",Kenneth,Jeffrey,1,2,['social'],1
"William wanted to go biking but Aaron wanted to stay home, so _ went out by themselves.","William wanted to go biking but Aaron wanted to stay home, so the one who ended up going out by themselves was _.",William,Aaron,1,2,['social'],1
Christine had really good grammar but Cynthia didn't have good grammar because _ studied math in college.,Christine had really good grammar but Cynthia didn't have good grammar because the one who studied math in college was _.,Christine,Cynthia,2,2,['social'],1
The parakeet flew to Hunter but flew past Samuel because _ had some bird seed in their hand.,The parakeet flew to Hunter but flew past Samuel because the person who had some bird seed in their hand was _.,Hunter,Samuel,1,1,['physical'],1
Hugh scrubbed the mold in his apartment with a cleaner but had to call a pro because the _ was too weak.,Hugh scrubbed the mold in his apartment with a cleaner but had to call a pro because what was weak was the _.,mold,cleaner,2,1,['physical'],1
The barista loved to make all types of coffee including iced and hot. The _ coffee was popular in the cooler weathers.,The barista loved to make all types of coffee including iced and hot. The popular coffee in the cooler weathers was the _.,iced,hot,2,2,['social'],1
"Angela thought that Elena talked too slowly, and _ had a hard time being understood when they spoke.","Angela thought that Elena talked too slowly, and the person that had a hard time being understood when they spoke is _ .",Angela,Elena,2,2,['social'],1
"When other people were smoking, Kayla was more disgusted than Erin because _ had always avoided smoke.","When other people were smoking, Kayla was more disgusted than Erin because the one who had always avoided smoke was _.",Kayla,Erin,1,2,['social'],1
Christopher taught Hunter to play go fish so that _ had someone to play with.,"Christopher taught Hunter to play go fish, ensuring a playing partner for _.",Christopher,Hunter,1,2,['social'],0
"Maria gave Samantha the blue floral pants, because _ didn't  fit into them very well.","Maria gave Samantha the blue floral pants, because the one who didn't fit into them very well was _.",Maria,Samantha,1,2,['social'],1
"Aaron drank plenty of water before the hike, but Christopher forgot to, so _ ended up staying hydrated.","Aaron drank plenty of water before the hike, but Christopher forgot to, so the person that stayed hydrated was _.",Aaron,Christopher,1,1,['physical'],1
"Aaron drank plenty of water before the hike, but Christopher forgot to, so _ ended up getting dehydrated.","Aaron drank plenty of water before the hike, but Christopher forgot to, so the dehydrated person was _.",Aaron,Christopher,2,1,['physical'],1
"The TV that Samantha bought costs more than that of Carrie, because _ was rich.","The TV that Samantha bought costs more than that of Carrie, because the one who was rich was _.",Samantha,Carrie,1,2,['social'],1
"Ian was tired of trying new diets while Steven had luck with one, so _ decided to do their own thing.","Ian was tired of trying new diets while Steven had luck with one, so the one who decided to do their own thing was _.",Ian,Steven,1,2,['social'],1
"Ian was tired of trying new diets while Steven had luck with one, so _ stuck to their routine.","Ian was tired of trying new diets while Steven had luck with one, so the one who stuck to their routine was _.",Ian,Steven,2,2,['social'],1
Katrina wanted to build a new picture frame for Samantha's portrait because _ was an inexperienced woodworker.,Katrina wanted to build a new picture frame for Samantha's portrait because the inexperienced woodworker was _.,Katrina,Samantha,2,2,['social'],1
"Nick struggled with unresolved trauma that Ian couldn't understand, since _ had frequently experienced childhood abuse.","Nick struggled with unresolved trauma that Ian couldn't understand, since the one who had frequently experienced childhood abuse was _.",Nick,Ian,2,2,['social'],1
"Victoria decided to adopt a Yorkie, but Elena wouldn't even consider it, because _ loved small dogs.","Victoria decided to adopt a Yorkie, but Elena wouldn't even consider it, because the one who loved small dogs was _.",Victoria,Elena,1,2,['social'],1
Carrie kept written records of their expenses but not Laura because _ had a faulty memory.,"Carrie kept written records of their expenses but not Laura, because the one with a faulty memory was _.",Carrie,Laura,1,2,['social'],1
Carrie kept written records of their expenses but not Laura because _ had a sharp memory.,"Carrie kept written records of their expenses but not Laura, because the one with a sharp memory was _.",Carrie,Laura,2,2,['social'],1
"Samantha wanted to reduce smoking by relying on a new nicotine patch and therapy video, but the _ was addictive.","Samantha wanted to reduce smoking by relying on a new nicotine patch and therapy video, but the addictive option was the _.",patch,video,1,1,['physical'],1
The student tried to write down the notes on the papers but the _ were too long.,"The student tried to write down the notes on the papers, but what proved to be too long were the _.",papers,notes,2,3,['numerical'],1
"When the car was brought up into the shop, the brake was replaced when the wheel wasn't, since the _ was fixed.","When the car was brought up into the shop, the brake was replaced when the wheel wasn't, since what was fixed was the _.",brake,wheel,2,4,['temporal'],1
The beef tasted better than the pork did although the _ had been slightly undercooked.,"The beef tasted better than the pork did, although the slightly undercooked one was the _.",pork,beef,2,1,['physical'],1
Rebecca slept in the hammock in the backyard while Tanya gardened because _ was tired.,"While Tanya gardened in the backyard, Rebecca slept in the hammock because the one who was tired was _.",Rebecca,Tanya,1,4,['temporal'],1
Rachel but not Christine was tracked down by police because _ made it to the hideout.,Rachel but not Christine was tracked down by police because the person who did make it to the hideout was _.,Rachel,Christine,2,"2, 4","['social', 'temporal']",1
Rachel but not Christine was tracked down by police because _ did not make it to the hideout.,Rachel but not Christine was tracked down by police because the person who did not make it to the hideout was _.,Rachel,Christine,1,"4, 5","['spatial', 'temporal']",1
"Rachel wanted children, but Megan had no interest, so _ looked for someone else to have babies with.","Because Rachel wanted children, but Megan had no interest, the one who looked for someone else to have babies with was _.",Rachel,Megan,1,2,['social'],1
Adam cried when Donald had a stubbed toe since _ had a look of pain on his face.,Adam cried when Donald had a stubbed toe since the one showing a look of pain on his face was _.,Adam,Donald,2,2,['social'],1
Firing a shotgun came more naturally for Megan than Tanya because _ grew up around them.,Firing a shotgun came more naturally for Megan than Tanya because the person who grew up around them was _.,Megan,Tanya,1,2,['social'],1
So _ ignored drinking milk from the bottle because Rachel was thirsty and Erin already drank some water.,"Because Rachel was thirsty and Erin already drank some water, the one who ignored drinking milk from the bottle was _.",Rachel,Erin,2,2,['social'],1
So _ drank milk from the bottle because Rachel was thirsty and Erin already drank some water.,"Because Rachel was thirsty and Erin already drank some water, the one who drank milk from the bottle was _.",Rachel,Erin,1,2,['social'],1
"Because William developed a sore knee during his race against against Kyle, _ won the race.","Because William developed a sore knee during his race against Kyle, the race was won by _.",William,Kyle,2,1,['physical'],1
"Erin frequently suffered from hair loss while Samantha had healthy hair, as _ was never stressed out.","Erin frequently suffered from hair loss while Samantha had healthy hair, because the person who was never stressed out was _.",Erin,Samantha,2,2,['social'],1
"The creatures attacked Derrick while ignoring Ryan, because _ remembered to put on the repellent.","The creatures attacked Derrick while ignoring Ryan, because the person that remembered to put on the repellent was _ .",Derrick,Ryan,2,1,['physical'],1
"Maria was able to keep their weight off long term, unlike Felicia, because _ followed a healthy diet.","Maria was able to keep their weight off long term, unlike Felicia, because the one who followed a healthy diet was _.",Maria,Felicia,2,2,['social'],1
"Maria was able to keep their weight off long term, unlike Felicia, because _ followed a crash diet.","Maria was able to keep their weight off long term, unlike Felicia, because the one who followed a crash diet was _.",Maria,Felicia,1,2,['social'],1
The dog was more suspicious of the locker than of the package because the drugs were in the _ .,The dog was more suspicious of the locker than of the package because the drugs were in the _ .,locker,package,1,5,['spatial'],1
Dennis did not enjoy their afternoon but Hunter did because _ left work after the sunrise.,Dennis did not enjoy their afternoon but Hunter did because the person who left work after the sunrise was _.,Dennis,Hunter,2,4,['temporal'],1
Logan ended up calling the police over an incident involving Jason because _ was scratched by them.,Logan ended up calling the police over an incident involving Jason because the one who was scratched by them was _.,Logan,Jason,1,2,['social'],1
Carl needed a new top after ripping his epaulette shirt. He wanted a  flannel shirt because the _ is old.,"Carl needed a new top after ripping his epaulette shirt. He wanted a flannel shirt because it is old, the _.",epaulette shirt,flannel shirt,1,1,['physical'],1
"Benjamin shaved his beard, but Nick had just grown one, so _ gave them all his old oils.","Benjamin shaved his beard, but Nick had just grown one, so the person who gave them all his old oils was _.",Benjamin,Nick,1,"1, 2","['physical', 'social']",1
Eating spicy foods better suited Robert and not Adam because _ never got acid reflux from salsa.,Eating spicy foods better suited Robert and not Adam because salsa never gave acid reflux to _.,Robert,Adam,1,1,['physical'],1
Michael had a cat as a pet but Nelson didn't have any pets because _ had little allergies in their system.,Michael had a cat as a pet but Nelson didn't have any pets because the person who had little allergies in their system was _.,Michael,Nelson,1,1,['physical'],1
Jessica found the heavy load at work overwhelming but not Katrina because _ did a poor job at planning their work.,"Jessica found the heavy load at work overwhelming but not Katrina, and this was because the person who did a poor job at planning their work was _.",Jessica,Katrina,1,2,['social'],1
Going on a diet was easier for Benjamin but not Donald because _ did not know about any different programs.,"Going on a diet was easier for Benjamin but not Donald, because the one who did not know about any different programs was _.",Benjamin,Donald,2,2,['social'],1
Jennifer got about with a seeing-eye dog but Mary did not because _ was blind.,Jennifer got about with a seeing-eye dog but Mary did not because the one who was blind was _.,Jennifer,Mary,1,2,['social'],1
Jennifer got about with a seeing-eye dog but Mary did not because _ was sighted.,Jennifer got about with a seeing-eye dog but Mary did not because the one who was sighted was _.,Jennifer,Mary,2,"1, 2","['physical', 'social']",1
Samuel had to recently recover from a stroke unlike William because _ was living an unhealthy lifestyle.,Samuel had to recently recover from a stroke unlike William because the person who was living an unhealthy lifestyle was _.,Samuel,William,1,2,['social'],1
Ian was supposed to be babysitting for Dennis but didn’t show up because _ was forgotten.,Ian was supposed to be babysitting for Dennis but didn’t show up because the person who was forgotten was _.,Ian,Dennis,2,2,['social'],1
Getting a divorce as soon as possible suited Victoria but not Lindsey because _ was no longer in love.,Getting a divorce as soon as possible suited Victoria but not Lindsey because the one who was no longer in love was _.,Victoria,Lindsey,1,2,['social'],1
Christopher declined when asked by Ian to play a game of chess because _ liked to play intellectual games.,"When asked by Ian to play a game of chess, Christopher declined because intellectual games were liked by _.",Christopher,Ian,2,2,['social'],1
The landscaping looked better at the house than at the cottage because the _ owners used a hardworking company.,The landscaping looked better at the house than at the cottage because the hardworking company was hired by the owners at the _.,house,cottage,1,3,['numerical'],1
The intelligence agency ordered new computers for the workers and kept the same peripherals because the _ were at risk.,The intelligence agency ordered new computers for the workers and kept the same peripherals because at risk were the _.,computers,peripherals,1,1,['physical'],1
Nelson wanted to be an actor so Neil got them an audition because _ had poor connections in the movie industry.,"Nelson wanted to be an actor, so Neil got them an audition because the one who had poor connections in the movie industry was _.",Nelson,Neil,1,2,['social'],1
Steven was disappointed as Logan asked him if he had any herb.  _ was let down.,"Steven was disappointed as Logan asked him if he had any herb, and the one who was let down was _.",Steven,Logan,1,2,['social'],1
"Michael was on a diet, but cheated by eating junk food with Christopher. _ felt bad for ruining his plan.","Michael was on a diet, but cheated by eating junk food with Christopher. The guilt of having ruined his plan weighed heavily on _.",Michael,Christopher,2,2,['social'],0
"Donald took medication for their anxiety, and Craig went to therapy because _ was private with their feelings.","Donald took medication for their anxiety, and Craig went to therapy because the person who was private with their feelings was _.",Donald,Craig,1,2,['social'],1
I didn't do well on my exam even though I did all the problems in the textbook correctly. I guess the questions in the _ were just too hard.,"Even though I did all the problems in the textbook correctly, I didn't do well on my exam; I guess the questions were just too hard in the _.",exam,textbook,1,2,['social'],1
"At dinner time, Tanya ate Erin's serving of peas even though _ really likes green vegetables.","At dinner time, Tanya ate Erin's serving of peas, even though the one who really likes green vegetables is _.",Tanya,Erin,2,"2, 4","['social', 'temporal']",0
Jeffrey brushed their teeth quite regularly but Brian did not. _ rarely had to go to a dentist.,"Jeffrey brushed their teeth quite regularly but Brian did not, so the one who rarely had to go to a dentist was _.",Jeffrey,Brian,1,1,['physical'],1
Jeffrey brushed their teeth quite regularly but Brian did not. _ had to go to a dentist often.,"Jeffrey brushed their teeth quite regularly but Brian did not, which meant that the one who had to go to a dentist often was _.",Jeffrey,Brian,2,2,['social'],1
"Joseph has an allergy to mangoes, but Nelson does not, so _ has to be very careful.","Joseph has an allergy to mangoes, but Nelson does not, so being very careful is necessary for _.",Joseph,Nelson,1,1,['physical'],1
Mike wanted to make the picture with the Photoshop software instead of  the Paintshop software because the _ was more reliable.,Mike wanted to make the picture with the Photoshop software instead of the Paintshop software because the more reliable option was the _.,Photoshop software,Paintshop software,1,1,['physical'],1
"The smell in the kitchen of the home is unbearable, while the laundry room smells fine. The _ must have been cleaned longer ago.","The smell in the kitchen of the home is unbearable, while the laundry room smells fine, so the one that must have been cleaned longer ago is the _.",kitchen,laundry room,1,"1, 4","['physical', 'temporal']",1
"Ryan grew the houseplant from seed, but Matthew bought a plastic plant instead, because _ tended to neglect plants.","Ryan grew the houseplant from seed, but Matthew bought a plastic plant instead, because the one who tended to neglect plants was _.",Ryan,Matthew,2,2,['social'],1
"Samantha believed in life after death while Christine did not, so _ never tried to talk to spirits.","Samantha believed in life after death while Christine did not, so the one who never tried to talk to spirits was _.",Samantha,Christine,2,2,['social'],1
"Christopher was able to travel abroad, while William only travelled domestically, as _ had never applied for a passport.","Christopher was able to travel abroad, while William only travelled domestically, as the one who had never applied for a passport was _.",Christopher,William,2,2,['social'],1
Rachel decided on adopting a young puppy but Megan didn't because _ didn't want to train a pupply.,Rachel decided on adopting a young puppy but Megan didn't because the one who didn't want to train a puppy was _.,Rachel,Megan,2,2,['social'],1
Applying to dance in music videos was great for Erin but not Lindsey because _ was a beginner dancer.,Applying to dance in music videos was great for Erin but not Lindsey because the one who was a beginner dancer was _.,Erin,Lindsey,2,2,['social'],1
Ian laughs at Ryan because of the small Christmas tree they picked out. _ wants a six foot tree.,"Ian laughs at Ryan because of the small Christmas tree they picked out, the one who wants a six foot tree is _.",Ian,Ryan,1,3,['numerical'],1
Brett looks as if they are aging at half the rate of Craig because _ has lived a rough lifestyle.,Brett looks as if they are aging at half the rate of Craig because a rough lifestyle has been lived by _.,Brett,Craig,2,2,['social'],1
Sarah had to call in an expert unlike Erin because _ had no knowledge on the subject.,"Sarah had to call in an expert because, unlike Erin, the one with no knowledge on the subject was _.",Sarah,Erin,1,2,['social'],1
Sarah had to call in an expert unlike Erin because _ had vast knowledge on the subject.,"Sarah had to call in an expert because, unlike Erin, the one with vast knowledge on the subject was _.",Sarah,Erin,2,2,['social'],1
"Monica really enjoys a vodka drink, but Felicia prefers whiskey because _ likes dark liquors.","Monica really enjoys a vodka drink, but Felicia prefers whiskey because the person who prefers dark liquors is _.",Monica,Felicia,2,2,['social'],1
Cynthia felt very thirsty but Sarah did not feel thirsty. _ bought a bag of chips.,Cynthia felt very thirsty but Sarah did not feel thirsty. The person that bought a bag of chips was _ .,Cynthia,Sarah,2,2,['social'],1
Samantha failed on the test but Mary got very good marks because _ had been very lazy.,Samantha failed on the test but Mary got very good marks because the person who had been lazy was _ .,Samantha,Mary,1,2,['social'],1
"Kyle wanted to write to Aaron every day, because _ enjoyed sending letters to friends.","Kyle wanted to write to Aaron every day, because the one who enjoyed sending letters to friends was _.",Kyle,Aaron,1,2,['social'],1
"Kyle wanted to write to Aaron every day, because _ enjoyed receiving letters from friends.","Kyle wanted to write to Aaron every day, because the one who enjoyed receiving letters from friends was _.",Kyle,Aaron,2,2,['social'],1
"Much to the dismay of Christopher, Jeffrey learned of their evil plan, and _ was stopped before it succeeded.","Much to the dismay of Christopher, Jeffrey learned of their evil plan, and the one who was stopped before it succeeded was _.",Christopher,Jeffrey,1,2,['social'],1
Samantha gifted her new bathrobe to Betty because it felt very itchy for _ when she tried it on.,"Samantha gifted her new bathrobe to Betty because when she tried it on, it felt very itchy to _.",Samantha,Betty,1,1,['physical'],1
Michael loved eating many different vegetables but not Brett because _ was on a vegetarian diet.,Michael loved eating many different vegetables but not Brett because the one who was on a vegetarian diet was _.,Michael,Brett,1,2,['social'],1
Bill had complicated feelings about getting a car after his motorcycle died because the _ possessed a lot of new features.,Bill had complicated feelings about getting a car after his motorcycle died because what possessed a lot of new features was the _.,car,motorcycle,1,1,['physical'],1
Writing came easily to Carrie but was difficult for Natalie because _ had taken engineering in college.,Writing came easily to Carrie but was difficult for Natalie because the one who had taken engineering in college was _.,Carrie,Natalie,2,2,['social'],1
"The life of Christine was pretty basic until they met Maria , _ is a  is lover of excitement .",The life of Christine was pretty basic until they met Maria. The one that is a lover of excitement is _.,Christine,Maria,2,2,['social'],0
Benjamin lied to Logan because _ was so upset about the money that was missing.,Benjamin lied to Logan because the person who was so upset about the money that was missing was _.,Benjamin,Logan,2,2,['social'],1
Michael swam in the pond for longer than Derrick because _ thought the algae was okay.,Michael swam in the pond for longer than Derrick because the algae was thought to be okay by _.,Michael,Derrick,1,"2, 4","['social', 'temporal']",1
Kenneth worked hard at training martial arts but not Samuel. _ couldn't made their dream come true of fighting in the UFC octagon.,"Kenneth worked hard at training martial arts but not Samuel, so their dream of fighting in the UFC octagon couldn't be made true by _.",Kenneth,Samuel,2,2,['social'],1
"Felicia was given a leather belt from Betty to clean it, because _ knows how to do it.","Felicia was given a leather belt from Betty to clean it, because the one who knows how to do it is _.",Felicia,Betty,1,2,['social'],1
Carrie tried to convince Cynthia that the cat needed a microchip because _ was concerned about the cat getting lost.,Carrie tried to convince Cynthia that the cat needed a microchip because the person concerned about the cat getting lost was _.,Carrie,Cynthia,1,2,['social'],1
"The man chose medication for his infection rather than the ointment, because the _ was ineffective.","The man chose medication for his infection rather than the ointment, because what was ineffective was the _.",ointment,medication,1,1,['physical'],1
"At the store, John signed a warranty contract for the tablet, but did not purchase insurance for the phone, because the _ was unlikely to be damaged.","At the store, John signed a warranty contract for the tablet, but did not purchase insurance for the phone, because damage was unlikely for the _.",tablet,phone,2,1,['physical'],1
Bob had a love and hate relationship with gambling and the _ grew as he won more money.,"Bob had a love and hate relationship with gambling, and as he won more money, the feeling that intensified was the _.",love,hate,1,2,['social'],1
"The food Katrina made was very bland, so Victoria added some salt; _ felt bad and vowed not to season again.","The food Katrina made was very bland, so Victoria added some salt; the name of the person who felt bad and vowed not to season again was _.",Katrina,Victoria,2,2,['social'],1
The crops in the facility grew better than in the greenhouse since the _ was bright inside.,The crops in the facility grew better than in the greenhouse since it was bright inside the _.,facility,greenhouse,1,5,['spatial'],1
Mastering the game of chess was easier for Brian than William because _ had an analytical mind.,Mastering the game of chess was easier for Brian than William because the one with an analytical mind was _.,Brian,William,1,2,['social'],1
The gerbil came over to Laura but not Monica because _ was holding a hockey stick.,The gerbil came over to Laura but not Monica because the one holding a hockey stick was _.,Laura,Monica,2,1,['physical'],1
The gerbil came over to Laura but not Monica because _ was holding a carrot stick.,The gerbil came over to Laura but not Monica because the one holding a carrot stick was _.,Laura,Monica,1,1,['physical'],1
The patient took calcium to fix his broken bone but the _ was too weak.,"The patient took calcium to fix his broken bone, but it was too weak, the _.",bone,calcium,1,1,['physical'],1
"Emily has never struggled with blood clots like Victoria has, because _ lives a sedentary, gluttonous lifestyle.","Emily has never struggled with blood clots like Victoria has, because of the sedentary, gluttonous lifestyle of _.",Emily,Victoria,2,2,['social'],1
"Joe did a lot worse on the quiz last week than he did on the test today, because the _ was a surprise.","Joe did a lot worse on the quiz last week than he did on the test today, because it was a surprise, the _.",quiz,test,1,4,['temporal'],1
Learning a new form of karate was difficult for Logan but not William because _ was not athletic.,"Learning a new form of karate was difficult for Logan but not William, because the one who was not athletic was _.",Logan,William,1,1,['physical'],1
Kelly was embarrassed when his toga fell off at the party and people saw his underwear because the _ was too tight.,"Kelly was embarrassed when his toga fell off at the party and people saw his underwear because it was too tight, the _.",toga,underwear,2,"1, 2","['physical', 'social']",1
Tanya recently finished filling out a job application but not Megan because _ is currently unemployed.,Tanya recently finished filling out a job application but not Megan because the person that is currently unemployed is _.,Tanya,Megan,1,2,['social'],1
Donald had to drive Matthew to the doctor immediately because _ was feeling lightheaded and dizzy.,Donald had to drive Matthew to the doctor immediately because the person feeling lightheaded and dizzy was _.,Donald,Matthew,2,2,['social'],1
"Logan could eat gluten while Adam could not, and _ always had a smaller variety of foods to choose from.","Logan could eat gluten while Adam could not, and the one who always had a smaller variety of foods to choose from was _.",Logan,Adam,2,2,['social'],1
"Maria wasn't aware that Erin was coming up behind them, because _ was generally sneaky.","Maria wasn't aware that Erin was coming up behind them, because the person who was generally sneaky was _.",Maria,Erin,2,"1, 5","['physical', 'spatial']",0
Playing basketball came easier for Cynthia than Jennifer but _ had more control of their body movements.,"Playing basketball came easier for Cynthia than Jennifer, but the one with more control of their body movements was _.",Cynthia,Jennifer,2,1,['physical'],1
Playing basketball came easier for Cynthia than Jennifer but _ had less control of their body movements.,"Playing basketball came easier for Cynthia than Jennifer, but the one with less control of their body movements was _.",Cynthia,Jennifer,1,2,['social'],1
"Dennis's home just burned down, but luckily Donald's was spared. So, now _ is grateful.","Dennis's home just burned down, but luckily Donald's was spared, so the grateful person is _.",Dennis,Donald,2,2,['social'],1
Ryan's boil cleared up right away while Christopher's boil got infected due to _ applying medicine later.,Ryan's boil cleared up right away while Christopher's boil got infected due to later applying medicine by _.,Ryan,Christopher,2,4,['temporal'],1
"Jason went zooming down Brett's street way too fast on his motorcycle, causing _ great excitement.","Zooming down Brett's street way too fast on his motorcycle, Jason caused great excitement for _.",Jason,Brett,1,2,['social'],1
My teeth hurt more after eating the cake than the pie because the _ was sweeter tasting.,My teeth hurt more after eating the cake than the pie because of the sweeter tasting _.,pie,cake,2,1,['physical'],1
"Michael had to learn how to speak Chinese for his job unlike Matthew, because _ worked in China.","Michael had to learn how to speak Chinese for his job unlike Matthew, because the one who worked in China was _.",Michael,Matthew,1,2,['social'],1
"The laws of the government are a lot worse than the rules of schools, because the _ are strict.",The laws of the government are a lot worse than the rules of schools because they are strict at _.,laws,rules,1,2,['social'],1
Logan kept a store of ammo in their house but Brian did not as _ approved of hunting.,"Logan kept a store of ammo in their house but Brian did not, as hunting was approved by _.",Logan,Brian,1,1,['physical'],1
"Craig made sure to stretch before working out but Christopher never did, so _ frequently got injuries.","Craig made sure to stretch before working out but Christopher never did, which is why injuries frequently got _.",Craig,Christopher,2,"1, 2","['physical', 'social']",1
Jessica was arrested for growing hemp by the police but not Sarah because _ fled during the field raid.,Jessica was arrested for growing hemp by the police but not Sarah because the person that fled during the field raid was _.,Jessica,Sarah,2,4,['temporal'],1
"At the ballgame, Matthew was really thirsty and Aaron was not. _ took his beverage.","At the ballgame, Matthew was really thirsty and Aaron was not, so the beverage was taken by _.",Matthew,Aaron,1,2,['social'],1
Joseph loved to smoke cigarettes while Derrick did not although _ hated to use a hookah.,"Joseph loved to smoke cigarettes while Derrick did not, although the one who hated to use a hookah was _.",Joseph,Derrick,1,2,['social'],1
"The woman didn't need an apprasial for the desk, but wondered how much the table was worth, because the _ appeared to be common.","The woman didn't need an appraisal for the desk, but wondered how much the table was worth, because it appeared to be a common _.",desk,table,1,1,['physical'],1
Emily was nine months pregnant but Tanya was not pregnant at all. _ had a beautiful baby girl.,"Emily was nine months pregnant but Tanya was not pregnant at all, and the one who had a beautiful baby girl was _.",Emily,Tanya,1,1,['physical'],1
Mary used the lotion instead of the cream because her skin was glowing when she used the _ .,Mary used the lotion instead of the cream because her skin was glowing when she used the _ .,cream,lotion,2,1,['physical'],1
Laura never feared anything like Erin because _ didn't have a very strong and very powerful mind.,Laura never feared anything like Erin because the person that didn't have a very strong and very powerful mind is _.,Laura,Erin,2,2,['social'],1
Laura never feared anything like Erin because _ had a very strong and very powerful mind.,Laura never feared anything like Erin because the person that had a very strong and very powerful mind is _.,Laura,Erin,1,2,['social'],1
"Christine knew how to make wings with better flavor than Maria, so _ waited for supper.","Christine knew how to make wings with better flavor than Maria, so supper was eagerly awaited by _.",Christine,Maria,2,2,['social'],1
"The living room was cleaner than the kitchen, because we spend more time in the the _ .","The living room was cleaner than the kitchen, because we spend more time in the _ .",living room,kitchen,2,"2, 3","['numerical', 'social']",1
The girl broke Leslie's heart but not Kenneth's because _ was never in love with her.,The girl broke Leslie's heart but not Kenneth's because the one who was never in love with her was _.,Leslie,Kenneth,2,2,['social'],1
Lawrence was always gaining weight while Dennis was losing it as _ liked to eat too little.,Lawrence was always gaining weight while Dennis was losing it as the person that liked to eat too little is _.,Lawrence,Dennis,2,3,['numerical'],1
Maria wanted to play poker with Jennifer because _ was a better player and she won a lot of money.,"Maria wanted to play poker with Jennifer, as the better player who won money was _.",Maria,Jennifer,1,2,['social'],1
The filter in the living room needed to be changed more often than the one in the bedroom because the _ was dirtier.,The filter in the living room needed to be changed more often than the one in the bedroom because it was dirtier in the _.,living room,bedroom,1,"3, 5","['numerical', 'spatial']",1
The room at the hotel cost more to stay in than the room at the inn because the _ was nastier.,The room at the hotel cost more to stay in than the room at the inn because it was nastier at the _.,hotel,inn,2,2,['social'],1
"Angela's room was a lot lighter than Rebecca's room, because the light of _ went out.","Angela's room was a lot lighter than Rebecca's room, because the light went out in the room of _.",Angela,Rebecca,2,"1, 5","['physical', 'spatial']",1
"Maria gave birth to Katrina, so after the process was over, _ was a brand new mother.","Maria gave birth to Katrina, so after the process was over the brand new mother was _.",Maria,Katrina,1,"2, 4","['social', 'temporal']",1
Victoria had no issues with Achilles Tendinitis unlike Betty because _ never wore sneakers with cushion.,Victoria had no issues with Achilles Tendinitis unlike Betty because sneakers with cusions were never worn by _.,Victoria,Betty,2,1,['physical'],1