model,scorer,orig_acc,orig_ci_low,orig_ci_high,para_acc,para_ci_low,para_ci_high,drop
Mistral-7B,Causal (partial),0.48,0.4117904407948983,0.5489633994418346,0.51,0.441184632709161,0.5784384471724727,-0.030000000000000027
CamemBERT-base,Masked (PLL),0.49,0.4215615528275274,0.5588153672908391,0.485,0.4166726249238525,0.5538927552536972,0.0050000000000000044
