model,scorer,orig_acc,orig_ci_low,orig_ci_high,para_acc,para_ci_low,para_ci_high,drop
Mistral-7B,Causal (partial),0.48,0.4117904407948983,0.5489633994418346,0.51,0.441184632709161,0.5784384471724727,-0.030000000000000027
CamemBERT-base,Masked (PLL),0.465,0.39718443070423204,0.5341347897100506,0.47,0.4020463337087108,0.5390844266463886,-0.004999999999999949
XLM-RoBERTa-base,Masked (PLL),0.55,0.48075488574571107,0.6173605136624569,0.535,0.46586521028994954,0.6028155692957681,0.015000000000000013
