model,scoring,n,original_accuracy,paraphrased_accuracy,drop,original_ci_low,original_ci_high,paraphrased_ci_low,paraphrased_ci_high
mistral-7b-v0.1,causal_partial_evaluation,199,0.7386934673366834,0.628140703517588,0.1105527638190954,0.6776503370738451,0.7997365975995216,0.5609905015689096,0.6952909054662664
camembert-base,masked_lm_pseudo_log_likelihood,199,0.48743718592964824,0.4824120603015075,0.005025125628140725,0.41798875952163717,0.5568856123376593,0.41298469482693234,0.5518394257760827
